in,Ibs
0.00576972961,-1.5829922,,filler1,,
0.004808426,-5.540473,,TestNo,321,
0.00288391113,-8.706458,,Operators,Savy,
0.00192260742,-7.12346554,,Engineer,,
0.00384521484,-4.74897671,,Customer,HASETRI,
0.004808426,-1.5829922,,TestPurpose,Trial,
0.00576972961,-6.33196926,,TestType,Kv,
0.004808426,-10.28945,,TestStandard,Stiffness,
0.004808426,-6.33196926,,RequestDep,TMSI,
0.004808426,-3.16598463,,Requestor,Savy,
0.00192260742,-1.5829922,,ProjectNum,,
0.00384521484,-4.74897671,,TestDate,12/21/2022,
0.00673103333,-8.706458,,TestTime,,
0.00576972961,-6.33196926,,Manager,,
0.00384521484,-4.74897671,,Mode,,
0.00192260742,-3.95748067,,Purpose,,
0.004808426,-5.540473,,Title,,
0.00673103333,-8.706458,,TestCompletionDate,154487,
0.00384521484,-6.33196926,,TestCompletionTime,70673,
0.00192260742,-3.16598463,,Feature,,
0.00384521484,-1.5829922,,Specification,,
0.00673103333,-5.540473,,TestMachine,,
0.00384521484,-7.914962,,OldStyleTestDate,,
0.00288391113,-6.33196926,,filler2,,
0.004808426,-5.540473,,TireNumber,,
0.004808426,-4.74897671,,TireSize,,
0.00576972961,-5.540473,,TireSN,,
0.004808426,-7.12346554,,TireType,,
0.00384521484,-6.33196926,,LoadIndex,,
0.00576972961,-5.540473,,SpeedLevel,,
0.00576972961,-1.5829922,,IsTubeLess,,
0.00673103333,-3.95748067,,Manufacture,,
0.004808426,-7.12346554,,Brand,,
0.00576972961,-7.914962,,Pattern,,
0.00673103333,-4.74897671,,TirePly,,
0.004808426,-1.5829922,,TireInflation,43.511322,
0.00384521484,-4.74897671,,TireLoad,1102.31128,
0.00192260742,-7.914962,,TireRadius,21.5747929,
0.004808426,-6.33196926,,TireDia,15.7480316,
0.00673103333,-3.95748067,,TireWeight,66.13868,
0.00384521484,-0.791496038,,TRAWeight,0.0,
0.00384521484,-6.33196926,,TireDate,,
0.004808426,-7.914962,,TireWeeks,,
0.004808426,-7.12346554,,TireOrientation,,
0.00384521484,-4.74897671,,TireDesign,,
0.00384521484,-2.37448835,,TreadHardness,,
0.00576972961,-6.33196926,,RimOffset,0.0,
0.00384521484,-7.12346554,,WheelWidth,0.0,
0.00192260742,-7.12346554,,wheelSize,,
0.00576972961,-4.74897671,,wheelType,,
0.00384521484,-2.37448835,,Remarks,,
0.004808426,-3.95748067,,filler3,,
0.00288391113,-6.33196926,,Temperature,78.76228,
0.004808426,-7.12346554,,Humidity,0.0,
0.00384521484,-5.540473,,CNFFileName,Initial,
0.00384521484,-1.5829922,,SeqFileName,JET STEEL1,
0.00384521484,-3.95748067,,CtrlFileName,,
0.00384521484,-7.12346554,,RecipeFile,,
0.00576972961,-7.12346554,,TargetLoad,1763.69824,
0.00384521484,-5.540473,,TargetDeflection,0.0,
0.004808426,-2.37448835,,TargetInflation,118.9309,
0.00288391113,-5.540473,,VectorRatePz,1.9685,
0.004808426,-7.914962,,VectorRatePxy,0.0,
0.00384521484,-6.33196926,,VectorRateAz,0.0,
0.00384521484,-3.16598463,,TestDuration,14.68,
0.00576972961,-0.791496038,,PlungerDiameter,0.0,
0.004808426,-6.33196926,,TestPlateHeight,0.0,
0.004808426,-8.706458,,Platforms,Smooth,
0.00384521484,-6.33196926,,PinNo,,
0.00576972961,-3.95748067,,Energy,-99999.0,
0.00288391113,-1.5829922,,Force,0.0,
0.00576972961,-3.95748067,,Penetration,0.0,
0.00384521484,-7.12346554,,filler4,,
0.00576972961,-6.33196926,,PropChan,0,
0.00288391113,-4.74897671,,DummyInfo,,
0.00576972961,-2.37448835,,SpeedGate,0.0,
0.00384521484,-5.540473,,Restraint,,
0.00576972961,-7.914962,,SledInfo,,
0.00384521484,-7.12346554,,SledType,CVC,
0.00576972961,-3.16598463,,MIRAConfig,16 Pad,
0.00384521484,-0.791496038,,TstType,1,
0.00576972961,-4.74897671,,TCType,0,
0.004808426,-7.914962,,Items,,
0.00288391113,-4.74897671,,HeaderDate,0.0,
0.00576972961,-3.16598463,,PostTestRemarks,,
0.004808426,0.7914963,,status,,
0.00576972961,-5.540473,,SampleFrequency,0,
0.00288391113,-7.12346554,,filler5,,
0.004808426,-7.12346554,,
0.00384521484,-3.95748067,,
0.00576972961,-1.5829922,,
0.00576972961,-3.16598463,,
0.00288391113,-5.540473,,
0.00576972961,-4.74897671,,
0.00384521484,-3.95748067,,
0.00576972961,1.30601478E-07,,
0.00384521484,-3.95748067,,
0.00576972961,-6.33196926,,
0.00384521484,-6.33196926,,
0.00673103333,-3.16598463,,
0.00576972961,6.33196974,,
0.00576972961,6.33196974,,
0.004808426,0.7914963,,
0.00576972961,-5.540473,,
0.007692337,-8.706458,,
0.004808426,-6.33196926,,
0.00673103333,-7.12346554,,
0.00673103333,-6.33196926,,
0.00576972961,1.30601478E-07,,
0.007692337,7.12346554,,
0.00384521484,10.2894506,,
0.007692337,3.957481,,
0.00673103333,-2.37448835,,
0.00673103333,-4.74897671,,
0.008655548,-3.16598463,,
0.004808426,0.7914963,,
0.009616852,-3.95748067,,
0.00673103333,-3.95748067,,
0.007692337,-1.5829922,,
0.00673103333,4.748977,,
0.00673103333,4.748977,,
0.008655548,-0.791496038,,
0.008655548,0.7914963,,
0.008655548,0.7914963,,
0.00673103333,3.16598487,,
0.009616852,5.54047346,,
0.009616852,1.58299243,,
0.008655548,-3.16598463,,
0.009616852,-0.791496038,,
0.007692337,3.16598487,,
0.0115394592,4.748977,,
0.0115394592,3.16598487,,
0.008655548,1.58299243,,
0.0105781555,2.37448859,,
0.0105781555,2.37448859,,
0.0105781555,4.748977,,
0.0115394592,5.54047346,,
0.008655548,5.54047346,,
0.0115394592,5.54047346,,
0.0105781555,7.914962,,
0.0115394592,11.8724432,,
0.009616852,6.33196974,,
0.0105781555,1.30601478E-07,,
0.013463974,-0.791496038,,
0.009616852,4.748977,,
0.0144252777,11.0809469,,
0.009616852,8.706458,,
0.0125007629,3.16598487,,
0.0125007629,6.33196974,,
0.0105781555,8.706458,,
0.0153865814,13.4554348,,
0.009616852,11.8724432,,
0.0125007629,7.12346554,,
0.0144252777,10.2894506,,
0.0125007629,7.12346554,,
0.0144252777,9.497954,,
0.0115394592,7.12346554,,
0.0153865814,4.748977,,
0.013463974,7.914962,,
0.013463974,11.8724432,,
0.0144252777,16.62142,,
0.0125007629,11.0809469,,
0.0153865814,5.54047346,,
0.013463974,7.12346554,,
0.0163478851,9.497954,,
0.013463974,18.2044125,,
0.0115394592,15.8299236,,
0.0163478851,11.8724432,,
0.0125007629,8.706458,,
0.0144252777,10.2894506,,
0.0153865814,16.62142,,
0.0144252777,9.497954,,
0.0163478851,12.6639385,,
0.0144252777,18.9959087,,
0.0163478851,18.2044125,,
0.013463974,15.8299236,,
0.0182724,7.914962,,
0.0163478851,4.748977,,
0.0153865814,4.748977,,
0.0173110962,13.4554348,,
0.0144252777,22.95339,,
0.0182724,18.2044125,,
0.0182724,19.787405,,
0.0153865814,15.8299236,,
0.0173110962,16.62142,,
0.0163478851,17.4129162,,
0.0182724,11.8724432,,
0.0163478851,13.4554348,,
0.0182724,15.8299236,,
0.0173110962,19.787405,,
0.0173110962,26.1193733,,
0.0192337036,21.3703976,,
0.0163478851,17.4129162,,
0.0192337036,12.6639385,,
0.0173110962,16.62142,,
0.0201950073,19.787405,,
0.0182724,18.9959087,,
0.0182724,17.4129162,,
0.0182724,17.4129162,,
0.0182724,19.787405,,
0.0201950073,25.327877,,
0.0192337036,25.327877,,
0.021156311,19.787405,,
0.0201950073,17.4129162,,
0.0182724,22.95339,,
0.0221195221,26.91087,,
0.0192337036,22.1618938,,
0.0201950073,17.4129162,,
0.0201950073,18.9959087,,
0.0182724,22.1618938,,
0.0221195221,26.1193733,,
0.0182724,25.327877,,
0.0221195221,23.7448845,,
0.0192337036,26.1193733,,
0.0221195221,30.0768547,,
0.0201950073,32.4513435,,
0.0221195221,26.1193733,,
0.0221195221,18.2044125,,
0.0230808258,16.62142,,
0.0221195221,18.9959087,,
0.021156311,26.91087,,
0.0230808258,26.1193733,,
0.021156311,26.1193733,,
0.02404213,26.91087,,
0.0201950073,33.24284,,
0.0230808258,35.61733,,
0.0221195221,31.6598473,,
0.02404213,23.7448845,,
0.0230808258,26.1193733,,
0.021156311,28.4938622,,
0.02404213,29.2853584,,
0.02404213,25.327877,,
0.0221195221,23.7448845,,
0.02404213,26.91087,,
0.021156311,30.0768547,,
0.0250034332,32.4513435,,
0.0250034332,33.24284,,
0.0250034332,33.24284,,
0.0221195221,34.0343361,,
0.026927948,35.61733,,
0.0259666443,33.24284,,
0.0230808258,26.91087,,
0.026927948,23.7448845,,
0.0221195221,19.787405,,
0.026927948,24.53638,,
0.02404213,40.3663063,,
0.0250034332,43.53229,,
0.0250034332,41.9493,,
0.026927948,36.4088249,,
0.0259666443,32.4513435,,
0.02404213,32.4513435,,
0.0250034332,27.7023659,,
0.0250034332,26.1193733,,
0.0278892517,28.4938622,,
0.0259666443,39.57481,,
0.026927948,46.6982727,,
0.0278892517,41.9493,,
0.02404213,35.61733,,
0.0278892517,32.4513435,,
0.0288505554,34.8258324,,
0.0259666443,36.4088249,,
0.026927948,35.61733,,
0.0288505554,35.61733,,
0.026927948,34.0343361,,
0.0288505554,40.3663063,,
0.0259666443,46.6982727,,
0.0288505554,41.1578026,,
0.0278892517,37.9918175,,
0.0278892517,37.20032,,
0.0298137665,38.7833138,,
0.026927948,42.7407951,,
0.0278892517,39.57481,,
0.0278892517,37.20032,,
0.0298137665,34.8258324,,
0.0288505554,41.9493,,
0.0288505554,47.48977,,
0.03077507,43.53229,,
0.03077507,40.3663063,,
0.0288505554,41.1578026,,
0.0278892517,42.7407951,,
0.0298137665,43.53229,,
0.0298137665,41.9493,,
0.0288505554,42.7407951,,
0.0298137665,42.7407951,,
0.0288505554,45.11528,,
0.0288505554,48.2812653,,
0.0317363739,49.07276,,
0.0298137665,45.11528,,
0.0298137665,43.53229,,
0.0317363739,46.6982727,,
0.03077507,47.48977,,
0.03077507,45.9067764,,
0.0326976776,44.3237877,,
0.03077507,41.9493,,
0.0326976776,45.11528,,
0.0346221924,52.2387466,,
0.0298137665,49.8642578,,
0.0288505554,45.9067764,,
0.03365898,44.3237877,,
0.0355834961,47.48977,,
0.0346221924,54.6132355,,
0.0346221924,56.9877243,,
0.0326976776,50.6557541,,
0.0326976776,41.1578026,,
0.0326976776,45.11528,,
0.0317363739,49.8642578,,
0.03077507,48.2812653,,
0.0346221924,52.2387466,,
0.03365898,55.40473,,
0.0317363739,62.5282,,
0.0365448,64.90269,,
0.0326976776,54.6132355,,
0.0326976776,45.9067764,,
0.0355834961,41.9493,,
0.0346221924,42.7407951,,
0.03365898,48.2812653,,
0.0355834961,54.6132355,,
0.0355834961,58.5707169,,
0.03365898,56.196228,,
0.0355834961,60.9452057,,
0.0355834961,63.3196945,,
0.0355834961,55.40473,,
0.0346221924,53.82174,,
0.0375061035,49.8642578,,
0.0355834961,50.6557541,,
0.03365898,57.77922,,
0.0355834961,60.15371,,
0.03943062,55.40473,,
0.0355834961,55.40473,,
0.0355834961,64.90269,,
0.0375061035,65.69418,,
0.0384693146,56.196228,,
0.0355834961,53.82174,,
0.0375061035,56.9877243,,
0.0375061035,57.77922,,
0.0365448,57.77922,,
0.0384693146,61.736702,,
0.0384693146,62.5282,,
0.0355834961,56.9877243,,
0.0355834961,60.9452057,,
0.040391922,64.11119,,
0.0384693146,62.5282,,
0.0355834961,60.9452057,,
0.03943062,60.15371,,
0.03943062,59.3622131,,
0.0384693146,62.5282,,
0.0365448,68.86017,,
0.03943062,63.3196945,,
0.03943062,56.9877243,,
0.03943062,65.69418,,
0.0375061035,71.23466,,
0.040391922,64.90269,,
0.040391922,58.5707169,,
0.0375061035,61.736702,,
0.040391922,67.2771759,,
0.040391922,69.6516647,,
0.03943062,66.48568,,
0.040391922,68.06867,,
0.04231453,63.3196945,,
0.040391922,65.69418,,
0.0384693146,70.44316,,
0.04231453,70.44316,,
0.04231453,65.69418,,
0.040391922,63.3196945,,
0.0413532257,71.23466,,
0.04231453,72.81765,,
0.03943062,68.86017,,
0.040391922,71.23466,,
0.04327774,67.2771759,,
0.0413532257,69.6516647,,
0.040391922,75.19214,,
0.04231453,75.9836349,,
0.04327774,68.86017,,
0.0442390442,64.90269,,
0.0413532257,74.40064,,
0.04231453,75.19214,,
0.0442390442,69.6516647,,
0.04327774,69.6516647,,
0.0413532257,72.02615,,
0.0442390442,75.19214,,
0.0442390442,74.40064,,
0.04327774,75.19214,,
0.04231453,75.19214,,
0.0442390442,71.23466,,
0.04327774,72.81765,,
0.04231453,77.56663,,
0.0452003479,79.14962,,
0.0452003479,75.19214,,
0.04231453,72.02615,,
0.04231453,79.14962,,
0.0471248627,82.3156052,,
0.0442390442,79.14962,,
0.04327774,77.56663,,
0.0442390442,75.9836349,,
0.0471248627,74.40064,,
0.04616165,77.56663,,
0.0442390442,79.14962,,
0.04616165,76.77513,,
0.0471248627,75.19214,,
0.0452003479,79.94112,,
0.0452003479,87.85608,,
0.04616165,83.8986,,
0.0442390442,80.73261,,
0.0471248627,77.56663,,
0.04904747,81.52411,,
0.0471248627,83.1071,,
0.04616165,84.690094,,
0.0480861664,80.73261,,
0.0480861664,75.19214,,
0.04616165,81.52411,,
0.04904747,88.6475754,,
0.0471248627,84.690094,,
0.04616165,80.73261,,
0.0471248627,82.3156052,,
0.04904747,87.85608,,
0.0471248627,88.6475754,,
0.0471248627,88.6475754,,
0.04904747,89.439064,,
0.0500087738,83.1071,,
0.0471248627,84.690094,,
0.04616165,89.439064,,
0.0500087738,87.85608,,
0.0509719849,82.3156052,,
0.0471248627,79.14962,,
0.0480861664,87.85608,,
0.0500087738,91.81355,,
0.04904747,89.439064,,
0.0509719849,91.81355,,
0.0509719849,91.02206,,
0.0480861664,91.02206,,
0.0480861664,92.60505,,
0.0509719849,91.02206,,
0.0509719849,87.85608,,
0.04904747,87.06458,,
0.05193329,92.60505,,
0.0500087738,93.3965454,,
0.0500087738,93.3965454,,
0.0509719849,94.97954,,
0.05193329,90.23056,,
0.0500087738,90.23056,,
0.05193329,96.56253,,
0.05193329,96.56253,,
0.0509719849,92.60505,,
0.04904747,88.6475754,,
0.05193329,97.35403,,
0.0548172,98.93702,,
0.05193329,98.93702,,
0.0500087738,96.56253,,
0.053855896,94.97954,,
0.053855896,92.60505,,
0.05193329,94.97954,,
0.0528945923,98.14552,,
0.0528945923,94.97954,,
0.0509719849,91.02206,,
0.053855896,100.520012,,
0.0548172,104.477493,,
0.0528945923,102.8945,,
0.0528945923,100.520012,,
0.0548172,98.14552,,
0.053855896,99.7285156,,
0.05193329,102.103004,,
0.053855896,102.103004,,
0.05578041,95.7710342,,
0.053855896,91.81355,,
0.053855896,100.520012,,
0.0548172,105.26899,,
0.05578041,103.686,,
0.053855896,104.477493,,
0.0548172,106.851982,,
0.0567417145,106.060486,,
0.0548172,106.060486,,
0.0548172,105.26899,,
0.053855896,103.686,,
0.05770302,95.7710342,,
0.0567417145,100.520012,,
0.053855896,106.060486,,
0.0548172,109.226471,,
0.0586643219,104.477493,,
0.0548172,101.311508,,
0.0548172,110.017967,,
0.0586643219,115.558441,,
0.0567417145,110.809464,,
0.0548172,107.643478,,
0.0567417145,107.643478,,
0.0567417145,106.060486,,
0.0567417145,103.686,,
0.05770302,106.060486,,
0.0586643219,108.434975,,
0.0567417145,109.226471,,
0.0567417145,116.349937,,
0.0586643219,117.141434,,
0.0605888367,113.183952,,
0.0567417145,110.017967,,
0.0567417145,103.686,,
0.0586643219,102.8945,,
0.059627533,108.434975,,
0.05770302,117.141434,,
0.05770302,121.098915,,
0.0586643219,115.558441,,
0.059627533,118.724426,,
0.05770302,121.098915,,
0.059627533,116.349937,,
0.0605888367,109.226471,,
0.0586643219,105.26899,,
0.059627533,112.392456,,
0.0605888367,116.349937,,
0.059627533,116.349937,,
0.05770302,117.93293,,
0.0605888367,117.93293,,
0.0605888367,120.307419,,
0.0586643219,121.890411,,
0.0567417145,125.0564,,
0.06155014,119.515923,,
0.059627533,113.975449,,
0.059627533,117.141434,,
0.0605888367,121.890411,,
0.06155014,120.307419,,
0.059627533,118.724426,,
0.0586643219,117.93293,,
0.0625114441,121.890411,,
0.06347275,125.0564,,
0.0605888367,125.847893,,
0.06155014,123.473404,,
0.06443596,117.141434,,
0.06155014,117.93293,,
0.0605888367,125.847893,,
0.06347275,129.01387,,
0.06539726,122.681908,,
0.0605888367,122.681908,,
0.0605888367,130.596863,,
0.06347275,129.01387,,
0.06443596,127.430885,,
0.06155014,128.222382,,
0.06539726,127.430885,,
0.06539726,126.639389,,
0.06155014,127.430885,,
0.06443596,130.596863,,
0.06731987,125.847893,,
0.06443596,121.890411,,
0.0625114441,130.596863,,
0.06539726,134.554352,,
0.06635857,132.971359,,
0.06635857,131.388367,,
0.0625114441,131.388367,,
0.0625114441,129.805374,,
0.06828308,129.01387,,
0.06539726,133.762848,,
0.0625114441,134.554352,,
0.06443596,133.762848,,
0.06635857,132.971359,,
0.06635857,134.554352,,
0.06443596,138.511826,,
0.06635857,134.554352,,
0.06731987,129.805374,,
0.06539726,132.179855,,
0.06539726,136.928833,,
0.06828308,138.511826,,
0.06635857,134.554352,,
0.06539726,132.179855,,
0.06635857,137.720337,,
0.07020569,140.094818,,
0.06828308,140.094818,,
0.06731987,137.720337,,
0.06731987,135.34584,,
0.06635857,136.137344,,
0.06731987,136.137344,,
0.06731987,140.094818,,
0.06828308,140.886322,,
0.0692443848,140.094818,,
0.06635857,143.2608,,
0.0692443848,144.8438,,
0.0692443848,148.009781,,
0.06731987,143.2608,,
0.07020569,136.137344,,
0.07020569,138.511826,,
0.06731987,140.886322,,
0.06731987,146.426788,,
0.07020569,141.677811,,
0.07020569,137.720337,,
0.07020569,148.009781,,
0.0721302,155.133255,,
0.0721302,150.384277,,
0.07309151,144.0523,,
0.07020569,144.8438,,
0.07116699,144.8438,,
0.07116699,140.094818,,
0.07020569,141.677811,,
0.07020569,144.0523,,
0.07020569,145.6353,,
0.06828308,149.592773,,
0.07309151,157.507736,,
0.0721302,163.8397,,
0.06828308,158.29924,,
0.0721302,150.384277,,
0.0721302,143.2608,,
0.07020569,136.928833,,
0.07405281,146.426788,,
0.0721302,147.218292,,
0.0692443848,147.218292,,
0.07309151,157.507736,,
0.07405281,159.090729,,
0.07116699,155.924744,,
0.07116699,154.341751,,
0.07309151,154.341751,,
0.0721302,153.550262,,
0.07309151,154.341751,,
0.0750141144,155.924744,,
0.07116699,153.550262,,
0.07309151,151.96727,,
0.0750141144,156.716248,,
0.07405281,156.716248,,
0.07116699,159.882233,,
0.0750141144,156.716248,,
0.07405281,152.758759,,
0.0750141144,155.133255,,
0.07597542,163.8397,,
0.0721302,166.2142,,
0.0750141144,156.716248,,
0.0750141144,155.133255,,
0.0750141144,157.507736,,
0.0750141144,162.256714,,
0.0750141144,163.8397,,
0.07405281,159.882233,,
0.07597542,159.090729,,
0.07597542,162.256714,,
0.0750141144,164.63121,,
0.07693863,167.005692,,
0.07789993,164.63121,,
0.0750141144,161.465225,,
0.07597542,162.256714,,
0.07789993,163.8397,,
0.07693863,165.4227,,
0.0750141144,162.256714,,
0.07597542,160.673721,,
0.07789993,162.256714,,
0.07693863,167.7972,,
0.07597542,174.129166,,
0.07886124,172.546173,,
0.07789993,167.005692,,
0.07597542,167.7972,,
0.07886124,172.546173,,
0.07789993,169.380188,,
0.0750141144,162.256714,,
0.07886124,162.256714,,
0.07982254,166.2142,,
0.07886124,168.588684,,
0.07789993,178.086639,,
0.07789993,177.295135,,
0.07886124,171.754669,,
0.08078575,170.963181,,
0.07789993,172.546173,,
0.07886124,172.546173,,
0.07982254,169.380188,,
0.07789993,168.588684,,
0.08078575,173.337662,,
0.07886124,177.295135,,
0.07982254,180.461121,,
0.08078575,177.295135,,
0.07982254,171.754669,,
0.07789993,171.754669,,
0.0817470551,175.712158,,
0.08078575,177.295135,,
0.07886124,173.337662,,
0.0817470551,175.712158,,
0.0817470551,180.461121,,
0.07982254,179.669632,,
0.0817470551,186.793091,,
0.07982254,180.461121,,
0.07982254,173.337662,,
0.0817470551,174.920654,,
0.08078575,178.878128,,
0.0817470551,184.41861,,
0.0817470551,183.6271,,
0.08078575,181.252625,,
0.08270836,183.6271,,
0.08366966,188.376083,,
0.07982254,189.167587,,
0.0846309662,180.461121,,
0.0817470551,175.712158,,
0.0817470551,178.086639,,
0.08270836,182.835617,,
0.08270836,186.0016,,
0.0846309662,185.2101,,
0.08366966,190.75058,,
0.08078575,193.125061,,
0.08655548,193.916565,,
0.0846309662,193.125061,,
0.08366966,186.793091,,
0.0846309662,181.252625,,
0.08559418,178.878128,,
0.08270836,180.461121,,
0.0846309662,192.333572,,
0.0846309662,193.916565,,
0.08270836,193.125061,,
0.08655548,196.291046,,
0.08559418,201.831528,,
0.08366966,199.457031,,
0.08655548,193.916565,,
0.0846309662,182.835617,,
0.08559418,178.878128,,
0.08559418,187.5846,,
0.08366966,196.291046,,
0.08559418,196.291046,,
0.0875167847,198.665543,,
0.0846309662,201.831528,,
0.08655548,202.623016,,
0.08847809,201.831528,,
0.08559418,194.708054,,
0.08655548,190.75058,,
0.08847809,192.333572,,
0.0904026,193.125061,,
0.08559418,199.457031,,
0.08655548,200.248535,,
0.0904026,197.874039,,
0.0846309662,197.08255,,
0.0875167847,204.206009,,
0.0894413,208.1635,,
0.0875167847,197.874039,,
0.08847809,198.665543,,
0.0894413,204.206009,,
0.08655548,197.874039,,
0.08847809,197.874039,,
0.0894413,196.291046,,
0.0875167847,196.291046,,
0.0894413,204.997513,,
0.0894413,215.286957,,
0.0875167847,212.912476,,
0.0904026,204.206009,,
0.08847809,199.457031,,
0.0875167847,196.291046,,
0.0904026,201.040024,,
0.0904026,210.537979,,
0.0894413,210.537979,,
0.0904026,211.329483,,
0.0904026,206.5805,,
0.0904026,205.789,,
0.0894413,209.74649,,
0.09136391,204.997513,,
0.0894413,201.040024,,
0.09136391,207.372,,
0.0932865143,215.286957,,
0.0894413,217.661453,,
0.0904026,213.703964,,
0.0932865143,211.329483,,
0.0904026,207.372,,
0.0904026,208.1635,,
0.09232521,214.495468,,
0.09136391,209.74649,,
0.0904026,208.1635,,
0.0932865143,216.869949,,
0.09232521,218.452942,,
0.09136391,218.452942,,
0.09232521,215.286957,,
0.0932865143,212.120972,,
0.09232521,209.74649,,
0.09232521,215.286957,,
0.0932865143,220.827438,,
0.0942497253,216.869949,,
0.09232521,216.078461,,
0.0932865143,218.452942,,
0.09521103,219.244446,,
0.09521103,220.827438,,
0.09232521,219.244446,,
0.0942497253,216.869949,,
0.09521103,214.495468,,
0.09617233,217.661453,,
0.0932865143,225.576416,,
0.09617233,222.410431,,
0.09521103,216.869949,,
0.0942497253,217.661453,,
0.09617233,223.993423,,
0.09713364,227.159409,,
0.0942497253,221.618927,,
0.09617233,221.618927,,
0.09713364,222.410431,,
0.09521103,223.20192,,
0.09521103,227.9509,,
0.09809685,225.576416,,
0.09617233,220.827438,,
0.0932865143,222.410431,,
0.09809685,228.7424,,
0.09617233,228.7424,,
0.0942497253,224.784912,,
0.09713364,228.7424,,
0.09809685,224.784912,,
0.09905815,225.576416,,
0.09617233,235.074371,,
0.09809685,231.116882,,
0.09713364,223.20192,,
0.09521103,221.618927,,
0.09905815,231.116882,,
0.09905815,235.074371,,
0.09617233,229.53389,,
0.09617233,229.53389,,
0.09905815,230.3254,,
0.09713364,232.699875,,
0.09617233,237.448853,,
0.09905815,235.86586,,
0.09617233,231.116882,,
0.09905815,231.116882,,
0.100019455,235.86586,,
0.09713364,236.657349,,
0.100019455,236.657349,,
0.100980759,237.448853,,
0.09809685,232.699875,,
0.09809685,234.282867,,
0.10194397,235.074371,,
0.09905815,229.53389,,
0.09809685,231.908386,,
0.100980759,239.823334,,
0.10194397,244.572311,,
0.09809685,249.321289,,
0.100980759,246.1553,,
0.102905273,239.031845,,
0.09905815,234.282867,,
0.100019455,237.448853,,
0.102905273,239.823334,,
0.100980759,236.657349,,
0.100980759,239.823334,,
0.10194397,244.572311,,
0.10194397,246.946808,,
0.100019455,251.695786,,
0.100980759,250.1128,,
0.102905273,243.780823,,
0.100980759,238.240341,,
0.10194397,244.572311,,
0.103866577,247.7383,,
0.100019455,242.19783,,
0.10194397,242.989319,,
0.103866577,246.946808,,
0.10194397,249.321289,,
0.10194397,254.070267,,
0.103866577,255.653259,,
0.105789185,248.5298,,
0.10194397,244.572311,,
0.10194397,250.1128,,
0.103866577,251.695786,,
0.105789185,242.19783,,
0.103866577,242.989319,,
0.103866577,250.904282,,
0.106752396,258.819244,,
0.103866577,260.402252,,
0.103866577,258.02774,,
0.106752396,255.653259,,
0.104827881,246.946808,,
0.104827881,244.572311,,
0.105789185,253.278778,,
0.105789185,257.236267,,
0.106752396,257.236267,,
0.105789185,258.819244,,
0.103866577,258.819244,,
0.102905273,258.819244,,
0.103866577,254.070267,,
0.103866577,249.321289,,
0.104827881,252.487274,,
0.1077137,264.3597,,
0.1077137,272.2747,,
0.108675,269.1087,,
0.105789185,262.776733,,
0.104827881,254.070267,,
0.105789185,246.1553,,
0.106752396,247.7383,,
0.108675,252.487274,,
0.110599518,267.5257,,
0.105789185,272.2747,,
0.105789185,276.232178,,
0.108675,271.4832,,
0.1077137,260.402252,,
0.109636307,254.861771,,
0.109636307,258.819244,,
0.108675,264.3597,,
0.109636307,269.1087,,
0.109636307,263.568237,,
0.106752396,258.819244,,
0.106752396,258.819244,,
0.108675,266.734222,,
0.111560822,275.440674,,
0.111560822,277.023651,,
0.110599518,280.189636,,
0.109636307,273.857666,,
0.108675,265.1512,,
0.108675,259.610748,,
0.109636307,258.02774,,
0.112522125,258.819244,,
0.109636307,269.9002,,
0.108675,281.772644,,
0.108675,290.4791,,
0.112522125,277.815155,,
0.111560822,265.942719,,
0.108675,265.942719,,
0.112522125,273.0662,,
0.111560822,276.232178,,
0.108675,272.2747,,
0.110599518,273.0662,,
0.112522125,270.691681,,
0.109636307,272.2747,,
0.113483429,282.564148,,
0.111560822,285.730133,,
0.111560822,280.98114,,
0.112522125,275.440674,,
0.111560822,274.64917,,
0.113483429,273.857666,,
0.110599518,273.0662,,
0.112522125,274.64917,,
0.114444733,276.232178,,
0.111560822,284.938629,,
0.112522125,291.2706,,
0.113483429,287.3131,,
0.112522125,277.815155,,
0.115407944,275.440674,,
0.111560822,279.398163,,
0.115407944,279.398163,,
0.114444733,278.606659,,
0.112522125,281.772644,,
0.115407944,284.147125,,
0.114444733,287.3131,,
0.112522125,286.5216,,
0.116369247,288.1046,,
0.113483429,283.355621,,
0.115407944,278.606659,,
0.115407944,286.5216,,
0.111560822,293.645081,,
0.115407944,291.2706,,
0.116369247,289.6876,,
0.114444733,283.355621,,
0.116369247,289.6876,,
0.113483429,293.645081,,
0.116369247,287.3131,,
0.117330551,284.938629,,
0.114444733,287.3131,,
0.116369247,294.436584,,
0.114444733,296.811066,,
0.117330551,292.0621,,
0.115407944,291.2706,,
0.114444733,289.6876,,
0.117330551,294.436584,,
0.117330551,297.60257,,
0.118291855,298.394043,,
0.116369247,296.811066,,
0.114444733,287.3131,,
0.118291855,288.1046,,
0.119255066,293.645081,,
0.115407944,296.019562,,
0.117330551,297.60257,,
0.117330551,298.394043,,
0.115407944,303.93454,,
0.122138977,308.6835,,
0.115407944,302.351532,,
0.117330551,296.019562,,
0.121177673,296.019562,,
0.117330551,296.811066,,
0.119255066,299.977051,,
0.119255066,303.93454,,
0.116369247,296.019562,,
0.121177673,295.228058,,
0.12021637,303.93454,,
0.117330551,307.892,,
0.119255066,309.475,,
0.121177673,307.100525,,
0.121177673,299.185547,,
0.122138977,304.726,,
0.118291855,306.309021,,
0.121177673,302.351532,,
0.12021637,299.185547,,
0.12021637,302.351532,,
0.122138977,309.475,,
0.121177673,315.015472,,
0.122138977,310.2665,,
0.121177673,310.2665,,
0.121177673,305.517517,,
0.122138977,309.475,,
0.122138977,311.057983,,
0.118291855,312.641,,
0.123102188,308.6835,,
0.122138977,307.100525,,
0.121177673,310.2665,,
0.122138977,318.972961,,
0.122138977,317.389954,,
0.123102188,311.057983,,
0.122138977,309.475,,
0.121177673,315.015472,,
0.124063492,317.389954,,
0.122138977,313.4325,,
0.124063492,311.8495,,
0.124063492,311.057983,,
0.122138977,315.806976,,
0.1259861,317.389954,,
0.123102188,318.181458,,
0.124063492,315.015472,,
0.1250248,318.972961,,
0.124063492,320.555939,,
0.1250248,322.138947,,
0.124063492,322.93045,,
0.124063492,318.972961,,
0.1269474,312.641,,
0.1259861,315.806976,,
0.1259861,323.721924,,
0.1250248,322.138947,,
0.122138977,318.972961,,
0.1259861,316.59848,,
0.127910614,324.513428,,
0.1250248,329.262421,,
0.1250248,329.262421,,
0.1269474,325.304932,,
0.1250248,318.972961,,
0.129833221,320.555939,,
0.124063492,322.138947,,
0.1259861,321.347443,,
0.127910614,324.513428,,
0.1250248,322.93045,,
0.127910614,329.262421,,
0.1250248,335.5944,,
0.1269474,330.0539,,
0.1259861,326.8879,,
0.127910614,322.93045,,
0.1259861,328.470917,,
0.1250248,333.219879,,
0.128871918,330.8454,,
0.129833221,329.262421,,
0.127910614,326.8879,,
0.127910614,333.219879,,
0.1269474,331.6369,,
0.128871918,330.0539,,
0.129833221,330.8454,,
0.1269474,330.0539,,
0.129833221,335.5944,,
0.127910614,337.968872,,
0.128871918,338.760376,,
0.129833221,337.968872,,
0.128871918,334.011383,,
0.130794525,337.177368,,
0.128871918,340.343353,,
0.129833221,337.968872,,
0.129833221,333.219879,,
0.1269474,329.262421,,
0.131757736,334.8029,,
0.129833221,341.134857,,
0.127910614,341.134857,,
0.130794525,343.509338,,
0.127910614,340.343353,,
0.13271904,344.300842,,
0.131757736,350.6328,,
0.131757736,343.509338,,
0.131757736,337.968872,,
0.129833221,332.4284,,
0.13271904,336.385864,,
0.131757736,340.343353,,
0.130794525,343.509338,,
0.134641647,348.258331,,
0.129833221,344.300842,,
0.131757736,351.424316,,
0.134641647,355.381775,,
0.131757736,347.466827,,
0.134641647,342.717834,,
0.133680344,343.509338,,
0.13271904,344.300842,,
0.13271904,348.258331,,
0.129833221,346.675323,,
0.133680344,344.300842,,
0.134641647,343.509338,,
0.131757736,353.0073,,
0.133680344,363.296753,,
0.13271904,361.713745,,
0.134641647,353.0073,,
0.136566162,344.300842,,
0.133680344,342.717834,,
0.131757736,347.466827,,
0.134641647,353.0073,,
0.135602951,350.6328,,
0.134641647,349.8413,,
0.135602951,358.54776,,
0.134641647,364.87973,,
0.135602951,360.130768,,
0.134641647,358.54776,,
0.136566162,354.590271,,
0.13271904,353.0073,,
0.135602951,354.590271,,
0.137527466,355.381775,,
0.134641647,356.173279,,
0.135602951,356.964783,,
0.135602951,361.713745,,
0.135602951,364.088226,,
0.135602951,367.2542,,
0.13848877,364.87973,,
0.136566162,356.964783,,
0.135602951,358.54776,,
0.13848877,363.296753,,
0.137527466,360.922241,,
0.136566162,356.964783,,
0.137527466,359.339264,,
0.135602951,361.713745,,
0.137527466,364.87973,,
0.139450073,368.837219,,
0.13848877,367.2542,,
0.136566162,364.088226,,
0.139450073,366.462738,,
0.13848877,368.045715,,
0.136566162,368.045715,,
0.13848877,367.2542,,
0.13848877,362.505249,,
0.141374588,364.088226,,
0.141374588,372.0032,,
0.137527466,375.1692,,
0.136566162,369.628723,,
0.140413284,362.505249,,
0.140413284,366.462738,,
0.13848877,374.3777,,
0.139450073,376.752167,,
0.141374588,372.0032,,
0.140413284,368.045715,,
0.140413284,376.752167,,
0.140413284,379.126678,,
0.141374588,373.586182,,
0.140413284,368.837219,,
0.139450073,368.837219,,
0.140413284,373.586182,,
0.139450073,375.9607,,
0.141374588,378.335175,,
0.142335892,379.918152,,
0.142335892,378.335175,,
0.140413284,380.709656,,
0.1432972,383.084137,,
0.1432972,381.50116,,
0.1432972,375.9607,,
0.140413284,370.4202,,
0.140413284,373.586182,,
0.142335892,375.9607,,
0.141374588,380.709656,,
0.1432972,382.292664,,
0.1442604,385.458649,,
0.1442604,390.9991,,
0.141374588,391.790619,,
0.1432972,386.250122,,
0.1432972,375.9607,,
0.14522171,367.2542,,
0.14522171,375.1692,,
0.14522171,382.292664,,
0.141374588,389.4161,,
0.142335892,389.4161,,
0.142335892,386.250122,,
0.142335892,388.624634,,
0.14522171,390.9991,,
0.1442604,393.3736,,
0.142335892,389.4161,,
0.142335892,386.250122,,
0.1442604,386.250122,,
0.14522171,383.875641,,
0.149068832,383.875641,,
0.146183014,386.250122,,
0.146183014,387.83313,,
0.146183014,394.1651,,
0.1442604,393.3736,,
0.1442604,390.9991,,
0.14522171,388.624634,,
0.147144318,386.250122,,
0.146183014,397.3311,,
0.14522171,406.037537,,
0.146183014,407.620544,,
0.147144318,392.5821,,
0.14522171,379.918152,,
0.148105621,383.084137,,
0.146183014,389.4161,,
0.14522171,398.914063,,
0.149068832,402.080048,,
0.147144318,400.49707,,
0.146183014,400.49707,,
0.148105621,402.080048,,
0.146183014,397.3311,,
0.148105621,392.5821,,
0.147144318,393.3736,,
0.147144318,399.705566,,
0.148105621,402.871552,,
0.146183014,407.620544,,
0.149068832,402.871552,,
0.150030136,398.1226,,
0.147144318,398.1226,,
0.150030136,401.288574,,
0.150030136,402.871552,,
0.148105621,399.705566,,
0.149068832,401.288574,,
0.148105621,406.829041,,
0.149068832,409.203522,,
0.15099144,410.78653,,
0.150030136,408.412018,,
0.148105621,402.080048,,
0.149068832,403.663055,,
0.151952744,405.246033,,
0.149068832,408.412018,,
0.151952744,409.203522,,
0.15099144,406.829041,,
0.150030136,407.620544,,
0.150030136,411.578,,
0.15099144,413.952484,,
0.149068832,408.412018,,
0.153877258,407.620544,,
0.151952744,410.78653,,
0.15099144,414.744,,
0.152915955,417.909973,,
0.149068832,412.3695,,
0.151952744,409.203522,,
0.151952744,413.952484,,
0.15099144,416.327,,
0.152915955,417.118469,,
0.150030136,413.161,,
0.152915955,411.578,,
0.153877258,417.118469,,
0.150030136,420.284454,,
0.152915955,424.241943,,
0.153877258,421.075958,,
0.152915955,413.952484,,
0.155799866,414.744,,
0.153877258,417.118469,,
0.151952744,417.909973,,
0.154838562,417.118469,,
0.154838562,417.118469,,
0.151952744,421.867462,,
0.155799866,429.7824,,
0.153877258,429.7824,,
0.154838562,420.284454,,
0.156761169,419.492981,,
0.152915955,422.658966,,
0.153877258,420.284454,,
0.155799866,424.241943,,
0.154838562,421.867462,,
0.15772438,421.867462,,
0.153877258,426.616425,,
0.153877258,427.407928,,
0.15772438,429.7824,,
0.155799866,425.033447,,
0.154838562,423.450439,,
0.155799866,429.7824,,
0.154838562,428.199432,,
0.15772438,429.7824,,
0.156761169,428.199432,,
0.155799866,425.033447,,
0.156761169,428.199432,,
0.154838562,432.9484,,
0.158685684,434.5314,,
0.156761169,432.156921,,
0.155799866,429.7824,,
0.15772438,431.365417,,
0.158685684,430.5739,,
0.15772438,434.5314,,
0.154838562,435.3229,,
0.158685684,432.156921,,
0.155799866,433.7399,,
0.158685684,436.905884,,
0.159646988,441.654877,,
0.156761169,434.5314,,
0.15772438,431.365417,,
0.159646988,436.905884,,
0.15772438,437.6974,,
0.156761169,440.863373,,
0.159646988,439.280365,,
0.15772438,435.3229,,
0.15772438,436.905884,,
0.1625328,443.237854,,
0.158685684,444.029358,,
0.15772438,440.863373,,
0.1625328,439.280365,,
0.15772438,437.6974,,
0.159646988,440.071869,,
0.159646988,446.403839,,
0.156761169,440.863373,,
0.1615715,441.654877,,
0.1615715,451.9443,,
0.158685684,452.7358,,
0.160608292,451.9443,,
0.1615715,440.863373,,
0.160608292,432.156921,,
0.1615715,439.280365,,
0.1615715,447.986847,,
0.159646988,453.5273,,
0.1625328,452.7358,,
0.1615715,450.361328,,
0.159646988,449.569824,,
0.1625328,450.361328,,
0.16349411,451.152832,,
0.1615715,447.195343,,
0.1625328,450.361328,,
0.160608292,455.9018,,
0.160608292,455.9018,,
0.166379929,456.6933,,
0.1625328,452.7358,,
0.160608292,447.195343,,
0.16349411,452.7358,,
0.16349411,455.9018,,
0.164455414,458.276276,,
0.16349411,459.859283,,
0.1625328,455.1103,,
0.165418625,454.318817,,
0.165418625,456.6933,,
0.164455414,459.859283,,
0.164455414,457.4848,,
0.165418625,453.5273,,
0.1625328,455.1103,,
0.167341232,460.6508,,
0.164455414,465.39975,,
0.16349411,459.859283,,
0.166379929,458.276276,,
0.164455414,457.4848,,
0.166379929,462.233765,,
0.167341232,470.940216,,
0.164455414,463.025269,,
0.164455414,459.06778,,
0.168302536,461.442261,,
0.164455414,461.442261,,
0.16349411,462.233765,,
0.167341232,464.608246,,
0.165418625,461.442261,,
0.165418625,466.982758,,
0.168302536,476.480682,,
0.165418625,474.1062,,
0.167341232,462.233765,,
0.16926384,460.6508,,
0.165418625,459.859283,,
0.168302536,467.774231,,
0.167341232,477.2722,,
0.166379929,469.357239,,
0.170227051,464.608246,,
0.16926384,466.982758,,
0.167341232,469.357239,,
0.165418625,477.2722,,
0.170227051,475.6892,,
0.168302536,471.73172,,
0.167341232,470.940216,,
0.168302536,475.6892,,
0.166379929,476.480682,,
0.170227051,471.73172,,
0.16926384,474.1062,,
0.16926384,474.8977,,
0.171188354,477.2722,,
0.166379929,478.0637,,
0.171188354,472.523224,,
0.170227051,471.73172,,
0.167341232,474.1062,,
0.171188354,481.229675,,
0.16926384,484.39566,,
0.170227051,480.438171,,
0.171188354,480.438171,,
0.168302536,477.2722,,
0.170227051,478.0637,,
0.174074173,482.021179,,
0.168302536,480.438171,,
0.171188354,476.480682,,
0.172149658,481.229675,,
0.172149658,482.812653,,
0.16926384,488.353149,,
0.172149658,487.561646,,
0.170227051,479.646667,,
0.171188354,479.646667,,
0.174074173,483.604156,,
0.168302536,489.144623,,
0.174074173,485.978638,,
0.173110962,489.144623,,
0.170227051,485.978638,,
0.174074173,490.727631,,
0.173110962,491.519135,,
0.171188354,481.229675,,
0.175035477,484.39566,,
0.172149658,488.353149,,
0.174074173,489.936127,,
0.174074173,497.0596,,
0.172149658,493.1021,,
0.174074173,488.353149,,
0.174074173,489.936127,,
0.173110962,491.519135,,
0.174074173,498.642578,,
0.176958084,497.8511,,
0.173110962,493.1021,,
0.173110962,492.3106,,
0.17599678,495.4766,,
0.175035477,493.1021,,
0.174074173,486.770142,,
0.17599678,490.727631,,
0.17599678,497.0596,,
0.174074173,503.391571,,
0.17599678,508.140533,,
0.17599678,498.642578,,
0.175035477,491.519135,,
0.176958084,493.1021,,
0.177919388,497.0596,,
0.17599678,501.808563,,
0.175035477,502.600067,,
0.176958084,501.0171,,
0.177919388,498.642578,,
0.17599678,498.642578,,
0.175035477,505.766052,,
0.177919388,501.0171,,
0.177919388,497.8511,,
0.17599678,503.391571,,
0.176958084,512.098,,
0.177919388,514.472534,,
0.175035477,504.974548,,
0.176958084,501.808563,,
0.1788826,501.808563,,
0.1788826,501.808563,,
0.1788826,507.34906,,
0.1788826,508.140533,,
0.176958084,504.974548,,
0.1798439,505.766052,,
0.1788826,508.932037,,
0.1788826,513.681,,
0.177919388,509.723541,,
0.177919388,506.557556,,
0.18176651,506.557556,,
0.177919388,512.8895,,
0.1798439,520.8045,,
0.1798439,518.43,,
0.1798439,508.932037,,
0.1788826,508.140533,,
0.1788826,515.264038,,
0.1798439,516.0555,,
0.18176651,509.723541,,
0.18176651,511.306519,,
0.177919388,517.6385,,
0.18176651,518.43,,
0.1808052,520.013,,
0.1788826,519.2215,,
0.1808052,520.013,,
0.182729721,516.847,,
0.18176651,516.0555,,
0.1798439,521.596,,
0.1808052,520.8045,,
0.183691025,514.472534,,
0.182729721,515.264038,,
0.182729721,523.970459,,
0.18176651,529.5109,,
0.1798439,521.596,,
0.182729721,516.847,,
0.182729721,519.2215,,
0.183691025,523.178955,,
0.18176651,526.345,,
0.183691025,523.178955,,
0.185613632,523.178955,,
0.18176651,525.553467,,
0.18176651,527.928,,
0.184652328,529.5109,,
0.184652328,523.970459,,
0.18176651,527.1365,,
0.183691025,526.345,,
0.184652328,526.345,,
0.184652328,530.3024,,
0.182729721,532.676941,,
0.184652328,530.3024,,
0.186574936,523.970459,,
0.184652328,527.928,,
0.18176651,537.4259,,
0.183691025,532.676941,,
0.185613632,524.761963,,
0.185613632,527.1365,,
0.184652328,537.4259,,
0.184652328,541.383362,,
0.184652328,532.676941,,
0.184652328,531.093933,,
0.184652328,534.2599,,
0.188499451,539.0089,,
0.185613632,538.2174,,
0.183691025,537.4259,,
0.185613632,535.8429,,
0.189460754,531.885437,,
0.186574936,533.468445,,
0.183691025,542.9664,,
0.188499451,542.174866,,
0.188499451,538.2174,,
0.185613632,535.0514,,
0.185613632,543.7579,,
0.188499451,546.9238,,
0.188499451,539.0089,,
0.186574936,538.2174,,
0.188499451,540.591858,,
0.189460754,542.174866,,
0.187538147,545.3409,,
0.187538147,544.5494,,
0.189460754,543.7579,,
0.191385269,540.591858,,
0.188499451,542.9664,,
0.189460754,548.506836,,
0.187538147,546.1324,,
0.190422058,542.174866,,
0.191385269,542.174866,,
0.187538147,547.715332,,
0.187538147,555.6303,,
0.188499451,551.672852,,
0.190422058,543.7579,,
0.190422058,546.9238,,
0.192346573,556.4218,,
0.190422058,558.7963,,
0.190422058,549.29834,,
0.190422058,546.9238,,
0.188499451,544.5494,,
0.188499451,542.9664,,
0.189460754,547.715332,,
0.188499451,553.2558,,
0.189460754,563.5453,,
0.191385269,565.919739,,
0.192346573,563.5453,,
0.19426918,561.9623,,
0.192346573,558.0048,,
0.192346573,545.3409,,
0.190422058,538.2174,,
0.191385269,542.9664,,
0.192346573,554.8388,,
0.192346573,560.3793,,
0.190422058,562.7538,,
0.189460754,566.711243,,
0.191385269,575.4177,,
0.190422058,573.0432,,
0.193307877,562.7538,,
0.1961937,558.7963,,
0.1961937,554.0473,,
0.193307877,552.464355,,
0.19426918,554.8388,,
0.193307877,553.2558,,
0.192346573,558.0048,,
0.191385269,563.5453,,
0.190422058,570.668762,,
0.193307877,575.4177,,
0.1961937,578.5837,,
0.19426918,577.000732,,
0.195232391,572.2517,,
0.195232391,569.877258,,
0.193307877,560.3793,,
0.193307877,550.089844,,
0.193307877,550.881348,,
0.192346573,556.4218,,
0.19426918,577.000732,,
0.19426918,587.290161,,
0.1961937,588.081665,,
0.1961937,582.5412,,
0.197155,577.000732,,
0.1981163,569.877258,,
0.1990776,562.7538,,
0.19426918,554.8388,,
0.195232391,557.2133,,
0.19426918,565.1283,,
0.1961937,580.1667,,
0.1981163,588.873169,,
0.1981163,590.4561,,
0.197155,587.290161,,
0.1981163,580.9582,,
0.197155,574.6262,,
0.197155,569.085754,,
0.1961937,564.3368,,
0.197155,566.711243,,
0.1961937,574.6262,,
0.1961937,586.498657,,
0.1990776,596.7881,,
0.1990776,592.0391,,
0.200040817,584.915649,,
0.1981163,579.3752,,
0.1981163,577.000732,,
0.197155,575.4177,,
0.197155,573.0432,,
0.1981163,576.2092,,
0.1981163,580.9582,,
0.1981163,590.4561,,
0.1981163,599.9541,,
0.200040817,600.7456,,
0.200040817,595.996643,,
0.201002121,588.081665,,
0.201002121,585.707153,,
0.1990776,580.1667,,
0.200040817,571.460266,,
0.1981163,572.2517,,
0.200040817,579.3752,,
0.202924728,597.5796,,
0.201002121,607.0776,,
0.201963425,605.494568,,
0.201963425,600.7456,,
0.1990776,588.873169,,
0.1990776,584.1242,,
0.200040817,583.3327,,
0.202924728,580.1667,,
0.201963425,588.873169,,
0.202924728,598.3711,,
0.201963425,607.0776,,
0.201963425,606.2861,,
0.201002121,595.205139,,
0.200040817,588.873169,,
0.201002121,584.1242,,
0.201002121,594.413635,,
0.202924728,603.120056,,
0.203887939,606.2861,,
0.203887939,603.91156,,
0.201002121,599.1626,,
0.201002121,599.9541,,
0.202924728,598.3711,,
0.203887939,592.0391,,
0.204849243,593.622131,,
0.203887939,595.996643,,
0.203887939,604.703064,,
0.202924728,612.618042,,
0.201002121,609.452,,
0.203887939,603.120056,,
0.205810547,598.3711,,
0.205810547,601.5371,,
0.206771851,611.826538,,
0.202924728,613.409546,,
0.202924728,606.2861,,
0.203887939,597.5796,,
0.206771851,599.9541,,
0.207733154,606.2861,,
0.204849243,616.5755,,
0.204849243,618.1585,,
0.203887939,610.2435,,
0.205810547,604.703064,,
0.204849243,606.2861,,
0.204849243,604.703064,,
0.207733154,611.826538,,
0.208696365,614.992554,,
0.206771851,621.3245,,
0.205810547,620.533,,
0.204849243,610.2435,,
0.206771851,602.3286,,
0.207733154,600.7456,,
0.206771851,615.784,,
0.208696365,626.0735,,
0.205810547,628.447937,,
0.205810547,622.9075,,
0.206771851,613.409546,,
0.207733154,611.035034,,
0.208696365,613.409546,,
0.209657669,619.7415,,
0.209657669,622.115967,,
0.207733154,619.7415,,
0.206771851,620.533,,
0.205810547,617.367,,
0.208696365,612.618042,,
0.210618973,614.20105,,
0.210618973,623.699,,
0.209657669,634.7799,,
0.209657669,637.9459,,
0.207733154,626.0735,,
0.207733154,614.992554,,
0.208696365,610.2435,,
0.210618973,614.20105,,
0.211580276,627.6565,,
0.210618973,635.5714,,
0.210618973,639.528931,,
0.209657669,630.030945,,
0.209657669,622.9075,,
0.210618973,620.533,,
0.211580276,618.95,,
0.212543488,623.699,,
0.209657669,628.447937,,
0.209657669,638.7374,,
0.209657669,640.320435,,
0.208696365,631.613953,,
0.212543488,626.0735,,
0.212543488,625.282,,
0.211580276,633.988464,,
0.209657669,641.1119,,
0.208696365,636.3629,,
0.2144661,628.447937,,
0.2144661,624.4905,,
0.211580276,632.405457,,
0.209657669,642.6949,,
0.211580276,640.320435,,
0.212543488,635.5714,,
0.2154274,630.822449,,
0.213504791,640.320435,,
0.2144661,649.026855,,
0.2154274,646.652344,,
0.2154274,637.1544,,
0.2154274,624.4905,,
0.2154274,627.6565,,
0.213504791,633.19696,,
0.2154274,640.320435,,
0.217351913,646.652344,,
0.213504791,647.443848,,
0.2144661,652.1929,,
0.2144661,650.609863,,
0.21639061,641.9034,,
0.2154274,639.528931,,
0.2144661,636.3629,,
0.2154274,642.6949,,
0.217351913,647.443848,,
0.2144661,649.818359,,
0.213504791,645.8609,,
0.213504791,639.528931,,
0.213504791,641.9034,,
0.2154274,647.443848,,
0.2154274,652.9843,,
0.2144661,654.5673,,
0.2154274,652.1929,,
0.2144661,656.941833,,
0.2154274,656.1503,,
0.2154274,649.026855,,
0.217351913,641.9034,,
0.217351913,637.9459,,
0.21639061,645.8609,,
0.2154274,655.3588,,
0.2154274,658.524841,,
0.219274521,657.733337,,
0.218313217,656.941833,,
0.217351913,660.1078,,
0.21639061,659.3163,,
0.2144661,654.5673,,
0.21639061,651.401367,,
0.220235825,650.609863,,
0.220235825,656.941833,,
0.218313217,663.2738,,
0.21639061,666.439758,,
0.21639061,661.6908,,
0.220235825,654.5673,,
0.221199036,658.524841,,
0.220235825,662.4823,,
0.218313217,663.2738,,
0.219274521,663.2738,,
0.218313217,656.941833,,
0.220235825,662.4823,,
0.221199036,664.8568,,
0.221199036,664.0653,,
0.219274521,666.439758,,
0.218313217,668.022766,,
0.219274521,667.231262,,
0.222160339,664.8568,,
0.222160339,662.4823,,
0.222160339,664.8568,,
0.218313217,667.231262,,
0.219274521,670.3973,,
0.223121643,668.022766,,
0.222160339,666.439758,,
0.222160339,666.439758,,
0.220235825,669.6058,,
0.218313217,673.563232,,
0.221199036,675.937744,,
0.223121643,673.563232,,
0.223121643,668.022766,,
0.223121643,669.6058,,
0.221199036,678.3122,,
0.221199036,679.1037,,
0.222160339,675.14624,,
0.223121643,668.022766,,
0.223121643,668.022766,,
0.222160339,676.729248,,
0.223121643,682.2697,,
0.220235825,683.8527,,
0.221199036,679.8952,,
0.224082947,675.14624,,
0.225046158,675.14624,,
0.223121643,681.4782,,
0.221199036,690.1847,,
0.222160339,683.8527,,
0.225046158,671.1888,,
0.225046158,672.7717,,
0.225046158,680.6867,,
0.223121643,687.0187,,
0.222160339,686.2272,,
0.225046158,682.2697,,
0.226007462,684.644165,,
0.226968765,685.435669,,
0.226968765,689.3932,,
0.224082947,688.6017,,
0.224082947,684.644165,,
0.224082947,683.0612,,
0.223121643,680.6867,,
0.226968765,685.435669,,
0.228891373,690.976135,,
0.225046158,694.142151,,
0.225046158,698.0996,,
0.225046158,696.516663,,
0.227930069,687.8102,,
0.228891373,681.4782,,
0.227930069,682.2697,,
0.226007462,692.559143,,
0.225046158,697.3081,,
0.226007462,694.142151,,
0.228891373,689.3932,,
0.229854584,689.3932,,
0.226968765,700.4741,,
0.225046158,706.8061,,
0.226968765,701.2656,,
0.230815887,691.767639,,
0.229854584,685.435669,,
0.228891373,691.767639,,
0.226007462,702.0571,,
0.228891373,701.2656,,
0.228891373,697.3081,,
0.229854584,691.767639,,
0.230815887,699.6826,,
0.231777191,706.0146,,
0.230815887,706.0146,,
0.227930069,704.4316,,
0.226968765,696.516663,,
0.227930069,694.142151,,
0.2327385,693.350647,,
0.2327385,703.6401,,
0.229854584,711.555054,,
0.227930069,711.555054,,
0.227930069,706.8061,,
0.230815887,699.6826,,
0.231777191,702.0571,,
0.231777191,702.0571,,
0.229854584,706.0146,,
0.229854584,709.180542,,
0.229854584,709.180542,,
0.2327385,705.2231,,
0.229854584,702.0571,,
0.231777191,703.6401,,
0.2327385,714.721069,,
0.230815887,715.5125,,
0.230815887,715.5125,,
0.2327385,709.180542,,
0.231777191,702.848633,,
0.231777191,706.0146,,
0.2337017,712.346558,,
0.230815887,714.721069,,
0.2337017,711.555054,,
0.23466301,712.346558,,
0.2327385,716.304,,
0.2327385,719.470032,,
0.231777191,720.261536,,
0.2327385,713.138062,,
0.235624313,709.180542,,
0.2327385,713.929565,,
0.2327385,720.261536,,
0.23466301,721.8445,,
0.2327385,718.6785,,
0.2327385,717.0955,,
0.23466301,721.8445,,
0.23466301,721.8445,,
0.235624313,721.8445,,
0.23466301,721.8445,,
0.2327385,716.304,,
0.235624313,715.5125,,
0.2337017,719.470032,,
0.23466301,724.219,,
0.236585617,725.0105,,
0.235624313,721.8445,,
0.2327385,724.219,,
0.236585617,730.550964,,
0.237548828,728.967957,,
0.23466301,721.8445,,
0.2337017,722.636,,
0.237548828,725.0105,,
0.237548828,725.0105,,
0.236585617,729.75946,,
0.23466301,728.967957,,
0.237548828,724.219,,
0.237548828,725.802,,
0.236585617,730.550964,,
0.235624313,736.091431,,
0.237548828,732.134,,
0.23466301,726.5935,,
0.238510132,729.75946,,
0.238510132,733.717,,
0.237548828,736.882935,,
0.239471436,732.9255,,
0.236585617,728.967957,,
0.239471436,731.342468,,
0.239471436,736.882935,,
0.236585617,737.674438,,
0.236585617,732.134,,
0.241394043,732.9255,,
0.240432739,734.5084,,
0.237548828,737.674438,,
0.240432739,744.7979,,
0.241394043,742.4234,,
0.237548828,736.882935,,
0.240432739,740.8404,,
0.238510132,740.8404,,
0.237548828,736.882935,,
0.242357254,736.882935,,
0.239471436,738.465942,,
0.239471436,743.2149,,
0.240432739,748.7554,,
0.239471436,747.172363,,
0.241394043,738.465942,,
0.242357254,738.465942,,
0.237548828,741.6319,,
0.241394043,744.0064,,
0.242357254,748.7554,,
0.240432739,747.172363,,
0.242357254,744.7979,,
0.239471436,744.7979,,
0.242357254,744.0064,,
0.243318558,750.3384,,
0.240432739,747.172363,,
0.241394043,744.7979,,
0.242357254,749.5469,,
0.243318558,751.9214,,
0.241394043,753.504333,,
0.241394043,750.3384,,
0.243318558,744.7979,,
0.240432739,746.3809,,
0.244279861,754.295837,,
0.244279861,759.044861,,
0.240432739,752.7129,,
0.243318558,753.504333,,
0.242357254,755.878845,,
0.242357254,753.504333,,
0.244279861,757.461853,,
0.241394043,755.087341,,
0.241394043,753.504333,,
0.246204376,759.044861,,
0.243318558,764.5853,,
0.244279861,766.9598,,
0.246204376,763.0023,,
0.243318558,752.7129,,
0.245241165,745.5894,,
0.24716568,752.7129,,
0.243318558,762.2108,,
0.243318558,765.3768,,
0.24716568,766.9598,,
0.245241165,765.3768,,
0.245241165,762.2108,,
0.245241165,769.3343,,
0.245241165,764.5853,,
0.245241165,760.6278,,
0.24716568,764.5853,,
0.246204376,764.5853,,
0.245241165,763.7938,,
0.248126984,761.4193,,
0.246204376,762.2108,,
0.24716568,766.9598,,
0.24716568,774.874756,,
0.245241165,779.6237,,
0.248126984,773.291748,,
0.248126984,768.5428,,
0.244279861,766.9598,,
0.24716568,766.9598,,
0.24716568,767.7513,,
0.24716568,764.5853,,
0.248126984,770.9173,,
0.248126984,778.8322,,
0.24716568,781.2067,,
0.2500496,782.789734,,
0.24716568,775.66626,,
0.24716568,767.7513,,
0.249088287,767.7513,,
0.249088287,771.70874,,
0.249088287,779.6237,,
0.24716568,781.9982,,
0.2500496,780.4152,,
0.249088287,779.6237,,
0.248126984,780.4152,,
0.2510128,782.789734,,
0.2510128,776.457764,,
0.248126984,773.291748,,
0.2500496,778.8322,,
0.2510128,782.789734,,
0.249088287,786.7472,,
0.2500496,785.1642,,
0.2510128,782.789734,,
0.249088287,780.4152,,
0.2519741,782.789734,,
0.2529354,787.5387,,
0.2500496,782.789734,,
0.249088287,782.789734,,
0.2500496,784.3727,,
0.2519741,785.1642,,
0.2519741,792.287659,,
0.2529354,790.704651,,
0.2529354,785.9557,,
0.2538967,785.9557,,
0.2538967,789.1217,,
0.2529354,792.287659,,
0.2529354,783.581238,,
0.2529354,781.2067,,
0.2538967,785.1642,,
0.2510128,790.704651,,
0.2500496,796.2452,,
0.254859924,793.870667,,
0.2538967,792.287659,,
0.2519741,797.8281,,
0.2519741,804.1601,,
0.2529354,800.994141,,
0.254859924,790.704651,,
0.2529354,786.7472,,
0.2510128,786.7472,,
0.2529354,789.1217,,
0.255821228,795.4537,,
0.2538967,799.411133,,
0.2538967,804.1601,,
0.2500496,804.9516,,
0.2538967,804.1601,,
0.257743835,803.3686,,
0.256782532,800.202637,,
0.254859924,793.870667,,
0.2519741,792.287659,,
0.254859924,793.870667,,
0.257743835,801.785645,,
0.254859924,804.1601,,
0.2538967,805.7431,,
0.2538967,807.3261,,
0.256782532,808.9091,,
0.256782532,811.283569,,
0.254859924,808.1176,,
0.254859924,803.3686,,
0.255821228,801.785645,,
0.258705139,803.3686,,
0.258705139,810.492065,,
0.258705139,808.9091,,
0.255821228,806.5346,,
0.256782532,804.9516,,
0.260629654,807.3261,,
0.257743835,812.8666,,
0.255821228,811.283569,,
0.256782532,810.492065,,
0.25966835,809.700562,,
0.25966835,815.2411,,
0.257743835,821.573059,,
0.255821228,817.61554,,
0.256782532,809.700562,,
0.25966835,810.492065,,
0.258705139,815.2411,,
0.255821228,819.990051,,
0.256782532,815.2411,,
0.257743835,810.492065,,
0.261590958,812.8666,,
0.260629654,822.3645,,
0.257743835,829.488,,
0.258705139,823.9475,,
0.262552261,816.824036,,
0.261590958,812.8666,,
0.260629654,816.032532,,
0.257743835,819.198547,,
0.260629654,816.032532,,
0.260629654,821.573059,,
0.260629654,826.322,,
0.261590958,831.071,,
0.262552261,831.8625,,
0.262552261,826.322,,
0.261590958,824.739,,
0.257743835,821.573059,,
0.25966835,822.3645,,
0.25966835,823.9475,,
0.261590958,824.739,,
0.263515472,827.1135,,
0.262552261,831.8625,,
0.263515472,835.819946,,
0.262552261,840.5689,,
0.261590958,831.8625,,
0.25966835,822.3645,,
0.260629654,816.824036,,
0.26543808,820.781555,,
0.263515472,830.2795,,
0.25966835,838.194458,,
0.263515472,843.7349,,
0.264476776,839.777466,,
0.262552261,836.61145,,
0.261590958,843.7349,,
0.26543808,834.236938,,
0.262552261,825.5305,,
0.262552261,827.904968,,
0.26543808,834.236938,,
0.263515472,838.985962,,
0.261590958,838.194458,,
0.26543808,841.3604,,
0.266399384,839.777466,,
0.263515472,844.5264,,
0.264476776,850.0669,,
0.26543808,842.9434,,
0.263515472,834.236938,,
0.26543808,836.61145,,
0.2673626,842.9434,,
0.263515472,842.9434,,
0.263515472,842.9434,,
0.2702465,845.317932,,
0.266399384,842.1519,,
0.264476776,846.9009,,
0.264476776,854.815857,,
0.266399384,845.317932,,
0.266399384,838.985962,,
0.2673626,846.109436,,
0.266399384,852.4414,,
0.264476776,854.815857,,
0.266399384,850.8584,,
0.2692852,848.4839,,
0.26543808,843.7349,,
0.2673626,849.2754,,
0.2683239,854.024353,,
0.26543808,850.8584,,
0.2683239,850.8584,,
0.2673626,854.024353,,
0.266399384,853.232849,,
0.2673626,858.7734,,
0.2702465,854.815857,,
0.266399384,851.6499,,
0.2673626,850.8584,,
0.2702465,857.190369,,
0.2683239,859.5648,,
0.2673626,858.7734,,
0.2692852,859.5648,,
0.2692852,855.607361,,
0.2673626,859.5648,,
0.2702465,865.105347,,
0.2712078,861.1478,,
0.2683239,857.190369,,
0.2692852,858.7734,,
0.272171021,862.730835,,
0.2702465,863.522339,,
0.272171021,863.522339,,
0.272171021,863.522339,,
0.2692852,857.9819,,
0.2712078,860.3563,,
0.272171021,866.6883,,
0.2683239,863.522339,,
0.2692852,863.522339,,
0.274093628,867.4798,,
0.2712078,870.6458,,
0.2702465,876.9778,,
0.273132324,875.3948,,
0.2712078,865.105347,,
0.2712078,857.190369,,
0.274093628,864.313843,,
0.273132324,867.4798,,
0.2702465,869.0628,,
0.272171021,873.811768,,
0.274093628,872.22876,,
0.273132324,871.4373,,
0.2702465,877.7693,,
0.274093628,876.9778,,
0.275054932,870.6458,,
0.272171021,870.6458,,
0.272171021,877.7693,,
0.2702465,876.1863,,
0.275054932,866.6883,,
0.276018143,867.4798,,
0.274093628,872.22876,,
0.2712078,883.309753,,
0.272171021,885.6842,,
0.275054932,880.935242,,
0.274093628,875.3948,,
0.273132324,875.3948,,
0.272171021,883.309753,,
0.274093628,884.1012,,
0.273132324,882.51825,,
0.274093628,879.352234,,
0.272171021,875.3948,,
0.274093628,879.352234,,
0.276979446,888.0587,,
0.27794075,891.2247,,
0.276018143,888.0587,,
0.276979446,884.8927,,
0.278902054,882.51825,,
0.27794075,877.7693,,
0.274093628,874.6033,,
0.275054932,878.5607,,
0.274093628,882.51825,,
0.276018143,892.8077,,
0.276018143,903.8886,,
0.276018143,904.6801,,
0.278902054,897.556641,,
0.278902054,893.5992,,
0.278902054,893.5992,,
0.276979446,886.4757,,
0.276018143,873.020264,,
0.275054932,867.4798,,
0.276979446,876.1863,,
0.279863358,898.348145,,
0.278902054,911.8036,,
0.280826569,911.0121,,
0.276979446,907.8461,,
0.276979446,894.3907,,
0.276979446,884.8927,,
0.27794075,884.8927,,
0.27794075,885.6842,,
0.279863358,897.556641,,
0.280826569,902.305664,,
0.280826569,908.637634,,
0.280826569,907.8461,,
0.278902054,901.51416,,
0.278902054,888.8502,,
0.278902054,886.4757,,
0.278902054,894.3907,,
0.279863358,907.0546,,
0.281787872,910.2206,,
0.281787872,910.2206,,
0.282749176,906.2631,,
0.280826569,907.0546,,
0.278902054,903.8886,,
0.278902054,895.9737,,
0.279863358,893.5992,,
0.279863358,895.1822,,
0.280826569,905.4716,,
0.282749176,915.761047,,
0.281787872,918.927063,,
0.28371048,918.135559,,
0.281787872,913.3866,,
0.28371048,907.8461,,
0.282749176,903.8886,,
0.281787872,898.348145,,
0.279863358,895.9737,,
0.280826569,899.931152,,
0.280826569,913.3866,,
0.285635,922.8845,,
0.2846737,925.259033,,
0.282749176,923.676,,
0.2846737,918.135559,,
0.281787872,911.8036,,
0.280826569,904.6801,,
0.281787872,899.139648,,
0.28371048,900.722656,,
0.2846737,910.2206,,
0.285635,927.633545,,
0.28371048,938.7145,,
0.28371048,929.2165,,
0.28371048,914.9696,,
0.282749176,905.4716,,
0.28371048,907.8461,,
0.2846737,920.5101,,
0.285635,922.093,,
0.2865963,925.259033,,
0.2865963,925.259033,,
0.282749176,925.259033,,
0.282749176,921.3016,,
0.285635,915.761047,,
0.285635,914.9696,,
0.2846737,919.718567,,
0.2865963,931.591,,
0.2865963,938.7145,,
0.2846737,933.174,,
0.2875576,926.842041,,
0.2865963,918.927063,,
0.2865963,918.135559,,
0.2865963,927.633545,,
0.2865963,931.591,,
0.2885208,928.425,,
0.285635,927.633545,,
0.2846737,931.591,,
0.2875576,933.174,,
0.2875576,929.2165,,
0.2865963,930.008,,
0.2885208,933.9655,,
0.285635,941.880432,,
0.2875576,941.0889,,
0.289482117,936.339966,,
0.2865963,927.633545,,
0.2885208,924.4675,,
0.29044342,930.008,,
0.285635,937.923,,
0.2875576,941.880432,,
0.2885208,944.254944,,
0.2875576,937.1315,,
0.289482117,938.7145,,
0.29044342,947.4209,,
0.291404724,948.2124,,
0.291404724,943.46344,,
0.2885208,940.2974,,
0.2885208,937.1315,,
0.289482117,933.9655,,
0.2865963,930.7995,,
0.2875576,936.339966,,
0.289482117,947.4209,,
0.29044342,959.293335,,
0.292366028,964.042358,,
0.291404724,962.459351,,
0.29044342,954.5444,,
0.291404724,935.548462,,
0.291404724,924.4675,,
0.291404724,927.633545,,
0.289482117,937.1315,,
0.291404724,952.961365,,
0.292366028,957.7104,,
0.294290543,964.042358,,
0.29044342,968.7913,,
0.29044342,962.459351,,
0.292366028,949.7954,,
0.292366028,941.0889,,
0.292366028,945.046448,,
0.29621315,951.3784,,
0.291404724,954.5444,,
0.292366028,956.1274,,
0.292366028,957.7104,,
0.291404724,957.7104,,
0.292366028,956.1274,,
0.293329239,962.459351,,
0.295251846,963.250854,,
0.293329239,961.667847,,
0.291404724,964.042358,,
0.291404724,961.667847,,
0.294290543,951.3784,,
0.29621315,949.7954,,
0.295251846,953.752869,,
0.292366028,968.7913,,
0.292366028,974.3318,,
0.292366028,967.9998,,
0.297176361,959.293335,,
0.295251846,957.7104,,
0.295251846,967.2083,,
0.299098969,973.5403,,
0.297176361,967.9998,,
0.297176361,963.250854,,
0.295251846,959.293335,,
0.293329239,957.7104,,
0.295251846,961.667847,,
0.297176361,969.5828,,
0.297176361,975.9148,,
0.29621315,979.08075,,
0.295251846,983.8298,,
0.295251846,979.08075,,
0.297176361,968.7913,,
0.298137665,959.293335,,
0.295251846,955.3359,,
0.297176361,968.7913,,
0.299098969,979.872253,,
0.294290543,980.663757,,
0.298137665,976.7063,,
0.297176361,971.9573,,
0.295251846,972.7488,,
0.297176361,979.872253,,
0.297176361,983.8298,,
0.297176361,976.7063,,
0.301021576,975.1233,,
0.297176361,976.7063,,
0.298137665,979.08075,,
0.299098969,978.289246,,
0.298137665,975.9148,,
0.299098969,972.7488,,
0.300060272,983.038269,,
0.300060272,986.2042,,
0.297176361,986.2042,,
0.299098969,985.4127,,
0.3019848,982.246765,,
0.301021576,983.038269,,
0.298137665,986.9957,,
0.300060272,986.9957,,
0.3019848,982.246765,,
0.298137665,976.7063,,
0.298137665,985.4127,,
0.3039074,987.787231,,
0.301021576,987.787231,,
0.298137665,988.578735,,
0.299098969,989.370239,,
0.3019848,989.370239,,
0.3019848,989.370239,,
0.300060272,994.1192,,
0.3029461,992.5362,,
0.300060272,986.2042,,
0.301021576,987.787231,,
0.3039074,990.9532,,
0.301021576,988.578735,,
0.301021576,987.787231,,
0.3029461,987.787231,,
0.301021576,993.3277,,
0.3019848,1002.03418,,
0.3029461,1006.78314,,
0.301021576,997.285156,,
0.3039074,988.578735,,
0.3039074,995.7022,,
0.3019848,997.285156,,
0.3029461,998.07666,,
0.3029461,998.07666,,
0.3029461,994.1192,,
0.3048687,998.07666,,
0.3029461,1000.45117,,
0.3039074,1003.61713,,
0.3029461,1003.61713,,
0.3029461,1002.82562,,
0.3067932,1005.20013,,
0.3039074,1009.15759,,
0.3039074,1009.9491,,
0.3048687,1005.20013,,
0.3019848,993.3277,,
0.307754517,996.4937,,
0.3029461,1004.40863,,
0.3039074,1009.9491,,
0.3048687,1013.11511,,
0.3039074,1008.36615,,
0.307754517,1009.15759,,
0.3048687,1013.90662,,
0.3048687,1012.32361,,
0.30871582,1009.9491,,
0.3048687,1005.99164,,
0.3058319,1007.57465,,
0.3067932,1009.9491,,
0.3058319,1007.57465,,
0.307754517,1005.20013,,
0.307754517,1009.9491,,
0.3048687,1019.44708,,
0.3067932,1024.98755,,
0.307754517,1024.98755,,
0.3067932,1016.28107,,
0.307754517,1009.15759,,
0.307754517,1010.7406,,
0.30871582,1011.5321,,
0.307754517,1017.07257,,
0.3048687,1019.44708,,
0.3067932,1017.86407,,
0.307754517,1017.07257,,
0.310640335,1020.23859,,
0.3058319,1024.196,,
0.309679031,1023.40454,,
0.307754517,1021.03009,,
0.309679031,1021.82153,,
0.310640335,1025.779,,
0.307754517,1025.779,,
0.309679031,1016.28107,,
0.30871582,1013.90662,,
0.30871582,1020.23859,,
0.310640335,1029.73657,,
0.311601639,1032.111,,
0.307754517,1031.31946,,
0.310640335,1028.15356,,
0.30871582,1027.362,,
0.311601639,1025.779,,
0.310640335,1026.57056,,
0.310640335,1024.98755,,
0.311601639,1025.779,,
0.30871582,1029.73657,,
0.312562943,1032.90247,,
0.30871582,1035.277,,
0.311601639,1028.94507,,
0.313524246,1027.362,,
0.309679031,1028.94507,,
0.312562943,1038.443,,
0.311601639,1044.7749,,
0.312562943,1032.90247,,
0.312562943,1026.57056,,
0.311601639,1030.52808,,
0.313524246,1032.90247,,
0.310640335,1036.86,,
0.314487457,1036.06848,,
0.313524246,1039.2345,,
0.310640335,1041.609,,
0.313524246,1043.9834,,
0.312562943,1040.8175,,
0.314487457,1033.694,,
0.313524246,1033.694,,
0.312562943,1038.443,,
0.313524246,1041.609,,
0.313524246,1046.35791,,
0.315448761,1044.7749,,
0.315448761,1040.8175,,
0.313524246,1042.40051,,
0.315448761,1045.56641,,
0.314487457,1045.56641,,
0.314487457,1040.026,,
0.313524246,1039.2345,,
0.313524246,1043.9834,,
0.318334579,1045.56641,,
0.313524246,1049.52393,,
0.316410065,1049.52393,,
0.315448761,1047.94092,,
0.313524246,1049.52393,,
0.316410065,1051.10693,,
0.314487457,1054.273,,
0.314487457,1047.14941,,
0.317371368,1043.192,,
0.313524246,1045.56641,,
0.315448761,1050.31543,,
0.317371368,1055.06445,,
0.314487457,1053.48145,,
0.316410065,1052.69,,
0.316410065,1061.39636,,
0.317371368,1059.02185,,
0.317371368,1054.273,,
0.315448761,1048.73242,,
0.318334579,1047.14941,,
0.316410065,1050.31543,,
0.318334579,1056.64734,,
0.316410065,1065.35388,,
0.317371368,1062.97937,,
0.318334579,1059.81335,,
0.316410065,1060.60486,,
0.319295883,1062.18787,,
0.317371368,1064.56238,,
0.317371368,1058.23035,,
0.319295883,1052.69,,
0.316410065,1056.64734,,
0.3202572,1062.18787,,
0.3202572,1066.93689,,
0.318334579,1063.77087,,
0.3202572,1066.14539,,
0.3202572,1068.51978,,
0.317371368,1066.93689,,
0.3202572,1066.93689,,
0.319295883,1062.18787,,
0.3202572,1058.23035,,
0.3202572,1064.56238,,
0.319295883,1074.85181,,
0.3221798,1077.22632,,
0.3212185,1072.47729,,
0.3212185,1066.14539,,
0.318334579,1065.35388,,
0.3221798,1064.56238,,
0.323143,1066.93689,,
0.319295883,1066.93689,,
0.3212185,1070.10278,,
0.319295883,1078.01782,,
0.3221798,1076.43481,,
0.3221798,1079.60083,,
0.3221798,1075.64331,,
0.3221798,1070.89429,,
0.3212185,1070.89429,,
0.3212185,1074.85181,,
0.3250656,1078.01782,,
0.3212185,1074.85181,,
0.3202572,1071.68579,,
0.3250656,1076.43481,,
0.3241043,1078.01782,,
0.3221798,1081.18372,,
0.3221798,1083.55823,,
0.3241043,1081.18372,,
0.3241043,1080.39233,,
0.3221798,1085.14124,,
0.3241043,1085.93274,,
0.3241043,1075.64331,,
0.3241043,1074.0603,,
0.3250656,1082.76672,,
0.326026917,1087.51575,,
0.326026917,1089.89026,,
0.326026917,1087.51575,,
0.3241043,1082.76672,,
0.3241043,1078.80933,,
0.3221798,1078.80933,,
0.3241043,1082.76672,,
0.326026917,1085.93274,,
0.326026917,1089.89026,,
0.3250656,1097.80518,,
0.326026917,1100.97119,,
0.326026917,1097.80518,,
0.326990128,1086.72424,,
0.326026917,1078.01782,,
0.3250656,1074.85181,,
0.3241043,1082.76672,,
0.326026917,1092.26477,,
0.326026917,1097.80518,,
0.327951431,1098.59668,,
0.326026917,1101.7627,,
0.326026917,1102.5542,,
0.3250656,1101.7627,,
0.3250656,1092.26477,,
0.3250656,1086.72424,,
0.327951431,1087.51575,,
0.327951431,1090.68176,,
0.326990128,1098.59668,,
0.326990128,1100.17969,,
0.327951431,1098.59668,,
0.327951431,1100.97119,,
0.327951431,1106.5116,,
0.326990128,1109.67761,,
0.328912735,1101.7627,,
0.328912735,1096.22217,,
0.326990128,1097.80518,,
0.328912735,1100.97119,,
0.328912735,1104.92871,,
0.329874039,1102.5542,,
0.327951431,1102.5542,,
0.328912735,1106.5116,,
0.329874039,1108.88611,,
0.330835342,1111.26062,,
0.326990128,1107.3031,,
0.328912735,1105.72021,,
0.329874039,1105.72021,,
0.330835342,1106.5116,,
0.330835342,1112.84363,,
0.328912735,1112.84363,,
0.329874039,1108.88611,,
0.331798553,1108.0946,,
0.332759857,1109.67761,,
0.328912735,1115.21814,,
0.329874039,1110.46912,,
0.332759857,1106.5116,,
0.331798553,1108.88611,,
0.330835342,1120.75854,,
0.329874039,1126.29907,,
0.331798553,1116.80115,,
0.336606979,1112.84363,,
0.331798553,1119.17554,,
0.329874039,1119.967,,
0.330835342,1117.59265,,
0.333721161,1107.3031,,
0.334682465,1107.3031,,
0.330835342,1117.59265,,
0.331798553,1125.50757,,
0.333721161,1131.048,,
0.334682465,1125.50757,,
0.331798553,1120.75854,,
0.332759857,1118.384,,
0.334682465,1119.967,,
0.330835342,1125.50757,,
0.334682465,1123.92456,,
0.334682465,1120.75854,,
0.331798553,1119.967,,
0.336606979,1124.71606,,
0.332759857,1130.25659,,
0.332759857,1123.92456,,
0.335645676,1126.29907,,
0.332759857,1126.29907,,
0.334682465,1129.46509,,
0.335645676,1138.17151,,
0.334682465,1131.83948,,
0.335645676,1127.09058,,
0.333721161,1127.88208,,
0.335645676,1126.29907,,
0.335645676,1127.88208,,
0.334682465,1127.09058,,
0.336606979,1129.46509,,
0.334682465,1134.214,,
0.336606979,1138.963,,
0.335645676,1144.50342,,
0.336606979,1139.75452,,
0.3385296,1134.214,,
0.335645676,1133.42249,,
0.337568283,1133.42249,,
0.3385296,1136.5885,,
0.335645676,1131.048,,
0.337568283,1128.67358,,
0.336606979,1134.214,,
0.336606979,1139.75452,,
0.336606979,1146.87793,,
0.336606979,1147.66943,,
0.336606979,1144.50342,,
0.3385296,1144.50342,,
0.335645676,1146.08643,,
0.337568283,1146.08643,,
0.3394928,1138.17151,,
0.337568283,1131.83948,,
0.3404541,1135.00549,,
0.336606979,1142.129,,
0.337568283,1148.46094,,
0.3404541,1149.25244,,
0.336606979,1148.46094,,
0.3394928,1151.627,,
0.3404541,1156.37585,,
0.337568283,1153.21,,
0.3404541,1148.46094,,
0.3414154,1147.66943,,
0.337568283,1144.50342,,
0.3423767,1144.50342,,
0.3404541,1147.66943,,
0.3394928,1146.87793,,
0.3423767,1151.627,,
0.3385296,1155.58447,,
0.3394928,1156.37585,,
0.343338,1164.29089,,
0.343338,1160.33337,,
0.3404541,1155.58447,,
0.3394928,1156.37585,,
0.343338,1154.00146,,
0.3414154,1149.25244,,
0.3423767,1147.66943,,
0.343338,1154.793,,
0.3414154,1158.75037,,
0.3414154,1162.70789,,
0.344301224,1168.24841,,
0.3414154,1160.33337,,
0.3423767,1157.95886,,
0.343338,1158.75037,,
0.3423767,1163.49939,,
0.343338,1169.03979,,
0.343338,1169.8313,,
0.3404541,1160.33337,,
0.344301224,1154.00146,,
0.343338,1160.33337,,
0.3423767,1166.66541,,
0.343338,1166.66541,,
0.344301224,1167.45691,,
0.343338,1169.8313,,
0.346223831,1173.78882,,
0.343338,1173.78882,,
0.3423767,1166.66541,,
0.345262527,1161.91638,,
0.3423767,1161.91638,,
0.344301224,1166.66541,,
0.345262527,1176.16333,,
0.345262527,1177.74634,,
0.344301224,1176.95483,,
0.346223831,1175.37183,,
0.344301224,1173.78882,,
0.346223831,1172.20581,,
0.345262527,1167.45691,,
0.344301224,1168.24841,,
0.347185135,1170.6228,,
0.343338,1180.91223,,
0.347185135,1186.45276,,
0.346223831,1181.70374,,
0.346223831,1176.95483,,
0.346223831,1175.37183,,
0.345262527,1176.95483,,
0.347185135,1179.32935,,
0.346223831,1176.16333,,
0.346223831,1176.16333,,
0.347185135,1178.53784,,
0.345262527,1184.86975,,
0.347185135,1188.82727,,
0.347185135,1186.45276,,
0.346223831,1184.86975,,
0.346223831,1184.86975,,
0.351032257,1188.03577,,
0.350070953,1187.24426,,
0.345262527,1183.28674,,
0.348148346,1181.70374,,
0.34910965,1174.58032,,
0.351032257,1176.95483,,
0.348148346,1191.99329,,
0.34910965,1197.53369,,
0.347185135,1193.57617,,
0.350070953,1188.82727,,
0.351032257,1191.20178,,
0.347185135,1194.36768,,
0.350070953,1192.78479,,
0.347185135,1191.99329,,
0.351993561,1187.24426,,
0.34910965,1188.82727,,
0.348148346,1191.99329,,
0.350070953,1191.99329,,
0.34910965,1198.3252,,
0.351032257,1195.95068,,
0.351032257,1201.49121,,
0.34910965,1198.3252,,
0.350070953,1195.15918,,
0.353918076,1191.99329,,
0.350070953,1191.20178,,
0.351993561,1196.74219,,
0.351032257,1207.03162,,
0.351993561,1202.28271,,
0.352956772,1198.3252,,
0.351032257,1197.53369,,
0.351993561,1201.49121,,
0.351032257,1204.65723,,
0.351993561,1201.49121,,
0.352956772,1201.49121,,
0.351993561,1201.49121,,
0.354879379,1206.24011,,
0.351032257,1210.19763,,
0.351032257,1207.82312,,
0.355840683,1206.24011,,
0.351032257,1201.49121,,
0.354879379,1203.86572,,
0.351993561,1210.19763,,
0.354879379,1207.82312,,
0.353918076,1207.82312,,
0.351993561,1207.82312,,
0.354879379,1208.61462,,
0.355840683,1210.98914,,
0.352956772,1208.61462,,
0.353918076,1210.19763,,
0.354879379,1209.40613,,
0.351993561,1214.94666,,
0.355840683,1218.904,,
0.353918076,1216.52966,,
0.353918076,1212.57214,,
0.355840683,1211.78064,,
0.353918076,1214.15515,,
0.3577652,1214.15515,,
0.3568039,1215.73816,,
0.354879379,1214.15515,,
0.3568039,1211.78064,,
0.354879379,1215.73816,,
0.353918076,1218.904,,
0.3568039,1220.487,,
0.3577652,1219.69556,,
0.354879379,1220.487,,
0.3587265,1228.4021,,
0.3577652,1228.4021,,
0.354879379,1219.69556,,
0.3577652,1214.94666,,
0.3596878,1213.36365,,
0.3568039,1214.94666,,
0.355840683,1226.81909,,
0.3587265,1231.568,,
0.3568039,1226.81909,,
0.3568039,1222.07007,,
0.3587265,1227.6106,,
0.3577652,1229.1936,,
0.355840683,1229.1936,,
0.3577652,1230.77661,,
0.3587265,1226.81909,,
0.3587265,1226.02759,,
0.3577652,1229.98511,,
0.3587265,1227.6106,,
0.360651016,1226.02759,,
0.3577652,1228.4021,,
0.3577652,1234.734,,
0.3596878,1240.27454,,
0.36161232,1235.52551,,
0.362573624,1232.3595,,
0.3587265,1231.568,,
0.3596878,1231.568,,
0.362573624,1233.151,,
0.360651016,1231.568,,
0.363534927,1232.3595,,
0.360651016,1232.3595,,
0.360651016,1236.317,,
0.362573624,1241.066,,
0.360651016,1242.649,,
0.3596878,1241.066,,
0.36161232,1237.9,,
0.3596878,1238.69153,,
0.3577652,1241.85754,,
0.36161232,1242.649,,
0.362573624,1240.27454,,
0.362573624,1237.10852,,
0.36161232,1246.60645,,
0.36161232,1251.35547,,
0.3596878,1244.23193,,
0.36161232,1236.317,,
0.363534927,1232.3595,,
0.363534927,1238.69153,,
0.364496231,1247.398,,
0.362573624,1252.93848,,
0.36161232,1252.93848,,
0.3596878,1249.77246,,
0.363534927,1246.60645,,
0.364496231,1245.02344,,
0.362573624,1246.60645,,
0.3596878,1251.35547,,
0.363534927,1250.564,,
0.365459442,1250.564,,
0.364496231,1252.147,,
0.36161232,1252.93848,,
0.364496231,1249.77246,,
0.364496231,1245.02344,,
0.365459442,1252.147,,
0.364496231,1260.85339,,
0.363534927,1258.47888,,
0.363534927,1252.147,,
0.363534927,1251.35547,,
0.365459442,1257.68738,,
0.365459442,1261.6449,,
0.363534927,1258.47888,,
0.366420746,1257.68738,,
0.36738205,1253.73,,
0.365459442,1259.27039,,
0.364496231,1264.01941,,
0.365459442,1262.4364,,
0.36738205,1257.68738,,
0.365459442,1256.89587,,
0.364496231,1263.22791,,
0.366420746,1266.39392,,
0.368343353,1264.81091,,
0.364496231,1265.60242,,
0.364496231,1265.60242,,
0.368343353,1269.55981,,
0.368343353,1269.55981,,
0.366420746,1267.18542,,
0.365459442,1267.18542,,
0.366420746,1259.27039,,
0.369306564,1261.6449,,
0.371229172,1267.97693,,
0.365459442,1273.51733,,
0.365459442,1271.93433,,
0.370267868,1267.18542,,
0.371229172,1269.55981,,
0.370267868,1278.26636,,
0.369306564,1282.22375,,
0.365459442,1273.51733,,
0.36738205,1266.39392,,
0.369306564,1269.55981,,
0.369306564,1271.93433,,
0.370267868,1272.72583,,
0.369306564,1281.43225,,
0.368343353,1285.38977,,
0.369306564,1285.38977,,
0.370267868,1277.47485,,
0.370267868,1271.93433,,
0.370267868,1269.55981,,
0.369306564,1273.51733,,
0.368343353,1279.84937,,
0.372190475,1286.18127,,
0.370267868,1288.55579,,
0.369306564,1284.59827,,
0.372190475,1278.26636,,
0.372190475,1278.26636,,
0.373151779,1283.80676,,
0.370267868,1286.18127,,
0.371229172,1282.22375,,
0.371229172,1279.84937,,
0.372190475,1287.76428,,
0.372190475,1291.7218,,
0.371229172,1290.9303,,
0.371229172,1285.38977,,
0.370267868,1283.80676,,
0.371229172,1287.76428,,
0.371229172,1289.34729,,
0.372190475,1291.7218,,
0.374115,1293.30469,,
0.373151779,1290.9303,,
0.373151779,1294.8877,,
0.3760376,1295.6792,,
0.3769989,1288.55579,,
0.3760376,1283.80676,,
0.373151779,1282.22375,,
0.372190475,1286.97278,,
0.3760376,1292.51331,,
0.3760376,1299.63672,,
0.3750763,1302.01123,,
0.373151779,1301.21973,,
0.3750763,1305.17725,,
0.372190475,1303.59424,,
0.3750763,1298.84521,,
0.3760376,1292.51331,,
0.373151779,1289.34729,,
0.374115,1294.09619,,
0.3760376,1303.59424,,
0.3769989,1301.21973,,
0.374115,1299.63672,,
0.3750763,1298.05371,,
0.374115,1303.59424,,
0.3769989,1305.17725,,
0.3760376,1307.55164,,
0.3760376,1304.38574,,
0.3760376,1300.42822,,
0.3760376,1303.59424,,
0.3779621,1305.96863,,
0.3760376,1305.96863,,
0.3750763,1305.17725,,
0.3779621,1303.59424,,
0.3769989,1305.96863,,
0.3760376,1308.34314,,
0.3769989,1312.30066,,
0.378923416,1309.13464,,
0.378923416,1304.38574,,
0.3760376,1313.88367,,
0.3760376,1317.84119,,
0.3779621,1313.88367,,
0.380846024,1308.34314,,
0.3769989,1308.34314,,
0.3760376,1311.50916,,
0.3779621,1312.30066,,
0.378923416,1310.71765,,
0.3779621,1313.09216,,
0.378923416,1316.25818,,
0.378923416,1318.63257,,
0.3769989,1321.00708,,
0.3769989,1322.59009,,
0.3779621,1322.59009,,
0.381809235,1313.88367,,
0.37988472,1316.25818,,
0.378923416,1321.00708,,
0.3779621,1321.79858,,
0.37988472,1313.09216,,
0.380846024,1309.92615,,
0.380846024,1320.21558,,
0.380846024,1330.50513,,
0.378923416,1332.088,,
0.37988472,1329.71362,,
0.3779621,1326.54761,,
0.380846024,1330.50513,,
0.384693146,1329.71362,,
0.382770538,1326.54761,,
0.380846024,1322.59009,,
0.37988472,1321.79858,,
0.378923416,1318.63257,,
0.382770538,1322.59009,,
0.382770538,1331.29651,,
0.381809235,1335.254,,
0.383731842,1334.46252,,
0.382770538,1340.003,,
0.384693146,1340.79456,,
0.383731842,1337.62854,,
0.381809235,1325.7561,,
0.37988472,1314.67517,,
0.383731842,1321.00708,,
0.383731842,1332.088,,
0.383731842,1340.79456,,
0.384693146,1346.335,,
0.383731842,1347.918,,
0.383731842,1344.752,,
0.382770538,1338.42,,
0.380846024,1331.29651,,
0.384693146,1326.54761,,
0.386617661,1325.7561,,
0.383731842,1338.42,,
0.383731842,1347.918,,
0.383731842,1353.4585,,
0.385654449,1343.16907,,
0.381809235,1334.46252,,
0.385654449,1336.837,,
0.385654449,1343.96045,,
0.382770538,1347.12646,,
0.385654449,1347.918,,
0.386617661,1345.54346,,
0.385654449,1342.37756,,
0.383731842,1345.54346,,
0.386617661,1344.752,,
0.385654449,1340.79456,,
0.385654449,1340.79456,,
0.388540268,1350.29248,,
0.384693146,1354.25,,
0.386617661,1355.0415,,
0.388540268,1353.4585,,
0.385654449,1346.335,,
0.385654449,1343.96045,,
0.387578964,1351.084,,
0.387578964,1351.084,,
0.388540268,1350.29248,,
0.385654449,1352.667,,
0.386617661,1356.62439,,
0.389501572,1354.25,,
0.387578964,1353.4585,,
0.387578964,1352.667,,
0.388540268,1351.87549,,
0.388540268,1352.667,,
0.387578964,1359.79041,,
0.388540268,1364.53943,,
0.387578964,1358.2074,,
0.387578964,1351.87549,,
0.388540268,1353.4585,,
0.3914261,1358.2074,,
0.387578964,1363.74792,,
0.386617661,1363.74792,,
0.388540268,1360.58191,,
0.3914261,1362.95642,,
0.388540268,1365.33093,,
0.387578964,1366.914,,
0.389501572,1362.95642,,
0.3923874,1358.9989,,
0.390464783,1365.33093,,
0.386617661,1369.28833,,
0.389501572,1368.49683,,
0.3914261,1363.74792,,
0.389501572,1358.2074,,
0.390464783,1369.28833,,
0.3923874,1376.41187,,
0.389501572,1379.57788,,
0.390464783,1374.03735,,
0.3933487,1366.914,,
0.389501572,1362.95642,,
0.390464783,1364.53943,,
0.39431,1370.87134,,
0.3914261,1372.45435,,
0.3923874,1376.41187,,
0.3923874,1384.32678,,
0.389501572,1376.41187,,
0.3923874,1371.66284,,
0.3952732,1370.87134,,
0.3923874,1370.07983,,
0.390464783,1381.95227,,
0.3923874,1390.65881,,
0.3952732,1385.11829,,
0.3914261,1371.66284,,
0.3914261,1370.07983,,
0.3952732,1375.62036,,
0.3923874,1380.36938,,
0.3923874,1386.70129,,
0.3952732,1390.65881,,
0.3923874,1380.36938,,
0.3914261,1377.20337,,
0.3952732,1385.90979,,
0.3962345,1389.07581,,
0.3933487,1385.90979,,
0.3914261,1388.2843,,
0.3962345,1386.70129,,
0.397195816,1381.16077,,
0.3962345,1388.2843,,
0.39431,1390.65881,,
0.3962345,1382.74377,,
0.397195816,1385.11829,,
0.397195816,1392.24182,,
0.39815712,1393.03333,,
0.397195816,1388.2843,,
0.3933487,1388.2843,,
0.3962345,1393.82471,,
0.397195816,1393.82471,,
0.39431,1398.57373,,
0.39815712,1396.19922,,
0.3962345,1391.45032,,
0.3962345,1391.45032,,
0.39815712,1398.57373,,
0.3962345,1399.36523,,
0.39815712,1392.24182,,
0.397195816,1392.24182,,
0.39815712,1393.03333,,
0.3952732,1394.61621,,
0.397195816,1400.15674,,
0.401042938,1398.57373,,
0.400081635,1399.36523,,
0.39815712,1404.90576,,
0.399120331,1409.65466,,
0.397195816,1403.32275,,
0.39815712,1393.82471,,
0.400081635,1392.24182,,
0.399120331,1394.61621,,
0.397195816,1403.32275,,
0.400081635,1412.82068,,
0.401042938,1409.65466,,
0.397195816,1404.11426,,
0.399120331,1403.32275,,
0.401042938,1403.32275,,
0.402004242,1404.90576,,
0.39815712,1408.86316,,
0.39815712,1412.02917,,
0.401042938,1407.28015,,
0.399120331,1404.11426,,
0.399120331,1408.86316,,
0.400081635,1409.65466,,
0.401042938,1410.44617,,
0.39815712,1416.7782,,
0.400081635,1419.15259,,
0.402004242,1416.7782,,
0.400081635,1408.07166,,
0.401042938,1406.48865,,
0.402965546,1411.23767,,
0.401042938,1413.61218,,
0.400081635,1420.7356,,
0.402004242,1416.7782,,
0.400081635,1412.82068,,
0.402965546,1413.61218,,
0.402965546,1417.5697,,
0.403928757,1420.7356,,
0.400081635,1423.90161,,
0.402965546,1423.90161,,
0.402965546,1419.15259,,
0.402004242,1416.7782,,
0.401042938,1420.7356,,
0.402004242,1419.94409,,
0.403928757,1414.40369,,
0.405851364,1422.3186,,
0.402965546,1431.025,,
0.402965546,1433.39954,,
0.403928757,1427.06763,,
0.403928757,1421.5271,,
0.403928757,1420.7356,,
0.402004242,1425.48462,,
0.405851364,1425.48462,,
0.40489006,1422.3186,,
0.402004242,1427.06763,,
0.40489006,1434.98254,,
0.40489006,1434.98254,,
0.403928757,1434.98254,,
0.405851364,1435.774,,
0.407775879,1429.44214,,
0.40489006,1424.69312,,
0.405851364,1427.85913,,
0.403928757,1433.39954,,
0.406812668,1431.025,,
0.407775879,1430.23364,,
0.40489006,1436.56555,,
0.403928757,1440.52307,,
0.407775879,1443.689,,
0.407775879,1437.357,,
0.407775879,1434.98254,,
0.40489006,1438.14856,,
0.406812668,1438.94006,,
0.408737183,1436.56555,,
0.4096985,1431.81653,,
0.406812668,1434.98254,,
0.40489006,1437.357,,
0.406812668,1437.357,,
0.408737183,1442.89758,,
0.408737183,1447.64648,,
0.405851364,1447.64648,,
0.406812668,1446.855,,
0.411623,1446.06348,,
0.4096985,1449.22949,,
0.406812668,1442.89758,,
0.407775879,1435.774,,
0.408737183,1433.39954,,
0.411623,1442.10608,,
0.407775879,1453.187,,
0.406812668,1451.604,,
0.411623,1449.22949,,
0.4106598,1450.8125,,
0.408737183,1455.56152,,
0.407775879,1457.93591,,
0.406812668,1446.855,,
0.411623,1441.31458,,
0.4106598,1443.689,,
0.4096985,1449.22949,,
0.407775879,1457.93591,,
0.4106598,1458.72742,,
0.4125843,1453.97852,,
0.4106598,1455.56152,,
0.4096985,1456.35291,,
0.4096985,1454.77,,
0.4135456,1450.8125,,
0.4125843,1452.39551,,
0.4106598,1456.35291,,
0.411623,1460.31042,,
0.4106598,1464.268,,
0.4106598,1459.51892,,
0.4145069,1457.14441,,
0.4135456,1456.35291,,
0.4096985,1459.51892,,
0.411623,1463.47644,,
0.4135456,1461.10193,,
0.4145069,1456.35291,,
0.4106598,1462.68494,,
0.4096985,1468.22546,,
0.4125843,1469.01685,,
0.415468216,1461.89343,,
0.4135456,1463.47644,,
0.4106598,1468.22546,,
0.4135456,1469.80835,,
0.4145069,1469.01685,,
0.4135456,1463.47644,,
0.4135456,1462.68494,,
0.4145069,1463.47644,,
0.415468216,1467.434,,
0.4145069,1474.55737,,
0.4125843,1474.55737,,
0.415468216,1472.18286,,
0.415468216,1469.01685,,
0.4135456,1469.80835,,
0.415468216,1476.14038,,
0.416431427,1472.18286,,
0.4145069,1468.22546,,
0.4145069,1471.39136,,
0.417392731,1480.88928,,
0.415468216,1482.47229,,
0.415468216,1476.93188,,
0.4145069,1474.55737,,
0.417392731,1472.97437,,
0.416431427,1471.39136,,
0.4135456,1476.14038,,
0.4145069,1477.72339,,
0.418354034,1480.88928,,
0.418354034,1482.47229,,
0.416431427,1488.01282,,
0.4145069,1491.17883,,
0.418354034,1480.88928,,
0.418354034,1472.18286,,
0.415468216,1471.39136,,
0.418354034,1480.88928,,
0.417392731,1488.80432,,
0.416431427,1484.8468,,
0.418354034,1487.22131,,
0.419315338,1489.59583,,
0.416431427,1492.76184,,
0.416431427,1492.76184,,
0.420278549,1485.63831,,
0.419315338,1484.8468,,
0.416431427,1485.63831,,
0.419315338,1488.80432,,
0.420278549,1489.59583,,
0.418354034,1488.80432,,
0.418354034,1491.97034,,
0.418354034,1491.97034,,
0.420278549,1492.76184,,
0.419315338,1500.67676,,
0.420278549,1496.71924,,
0.421239853,1491.17883,,
0.420278549,1490.38733,,
0.419315338,1495.13623,,
0.420278549,1498.30225,,
0.421239853,1492.76184,,
0.419315338,1492.76184,,
0.420278549,1495.92773,,
0.421239853,1499.09375,,
0.419315338,1503.84277,,
0.420278549,1502.25977,,
0.422201157,1501.46826,,
0.421239853,1498.30225,,
0.420278549,1499.88525,,
0.420278549,1505.42578,,
0.422201157,1501.46826,,
0.421239853,1497.51074,,
0.421239853,1501.46826,,
0.42316246,1506.21716,,
0.424123764,1509.38318,,
0.421239853,1505.42578,,
0.420278549,1503.84277,,
0.424123764,1502.25977,,
0.422201157,1505.42578,,
0.422201157,1510.96619,,
0.422201157,1510.96619,,
0.42316246,1505.42578,,
0.42316246,1506.21716,,
0.422201157,1510.96619,,
0.42316246,1514.92371,,
0.425086975,1511.75769,,
0.42316246,1509.38318,,
0.42316246,1510.17468,,
0.425086975,1514.1322,,
0.42316246,1515.71521,,
0.422201157,1512.54919,,
0.426048279,1511.75769,,
0.424123764,1512.54919,,
0.422201157,1516.50671,,
0.424123764,1521.25562,,
0.426048279,1517.29822,,
0.426048279,1514.92371,,
0.42316246,1517.29822,,
0.425086975,1518.8811,,
0.427009583,1520.46411,,
0.426048279,1517.29822,,
0.42316246,1519.67261,,
0.427009583,1519.67261,,
0.427009583,1519.67261,,
0.424123764,1526.00464,,
0.425086975,1525.21313,,
0.4289341,1520.46411,,
0.425086975,1516.50671,,
0.425086975,1525.21313,,
0.4279709,1532.33655,,
0.427009583,1526.00464,,
0.426048279,1524.42163,,
0.427009583,1529.17065,,
0.4298954,1529.96216,,
0.4279709,1527.58765,,
0.425086975,1524.42163,,
0.427009583,1522.04712,,
0.4289341,1522.04712,,
0.425086975,1528.37915,,
0.4279709,1537.87708,,
0.4289341,1538.66858,,
0.4308567,1536.29407,,
0.4289341,1536.29407,,
0.426048279,1537.08557,,
0.4289341,1534.711,,
0.4298954,1525.21313,,
0.4279709,1519.67261,,
0.4289341,1523.63013,,
0.4308567,1535.50256,,
0.427009583,1543.41748,,
0.4279709,1545.00049,,
0.431818,1545.00049,,
0.4308567,1542.6261,,
0.4279709,1543.41748,,
0.4298954,1544.209,,
0.4298954,1534.711,,
0.4289341,1528.37915,,
0.4289341,1529.96216,,
0.431818,1537.87708,,
0.4308567,1546.5835,,
0.4289341,1551.33252,,
0.4308567,1552.124,,
0.431818,1547.375,,
0.432781219,1546.5835,,
0.431818,1550.541,,
0.4298954,1542.6261,,
0.4308567,1537.08557,,
0.4308567,1535.50256,,
0.432781219,1544.209,,
0.432781219,1551.33252,,
0.432781219,1553.707,,
0.432781219,1553.707,,
0.4308567,1552.124,,
0.433742523,1553.707,,
0.431818,1556.08142,,
0.431818,1552.124,,
0.434703827,1548.1665,,
0.4308567,1544.209,,
0.4308567,1549.74951,,
0.432781219,1554.49854,,
0.435665131,1554.49854,,
0.434703827,1557.66443,,
0.434703827,1561.622,,
0.434703827,1565.57947,,
0.432781219,1561.622,,
0.431818,1552.91553,,
0.434703827,1548.958,,
0.434703827,1545.00049,,
0.432781219,1555.29,,
0.434703827,1570.32837,,
0.434703827,1572.70288,,
0.436626434,1567.16248,,
0.432781219,1560.039,,
0.435665131,1560.83044,,
0.436626434,1560.83044,,
0.432781219,1555.29,,
0.432781219,1559.24744,,
0.435665131,1563.205,,
0.436626434,1567.16248,,
0.434703827,1572.70288,,
0.434703827,1571.11987,,
0.436626434,1567.16248,,
0.436626434,1563.99646,,
0.435665131,1569.53687,,
0.435665131,1571.91138,,
0.436626434,1568.74536,,
0.438550949,1566.371,,
0.435665131,1564.788,,
0.435665131,1570.32837,,
0.438550949,1575.8689,,
0.437589645,1573.49438,,
0.436626434,1572.70288,,
0.439512253,1574.28589,,
0.437589645,1577.4519,,
0.436626434,1578.24341,,
0.438550949,1576.6604,,
0.439512253,1575.8689,,
0.437589645,1573.49438,,
0.436626434,1575.8689,,
0.439512253,1579.82642,,
0.441436768,1579.03491,,
0.436626434,1577.4519,,
0.439512253,1575.8689,,
0.441436768,1579.03491,,
0.436626434,1582.99231,,
0.439512253,1584.57532,,
0.440473557,1584.57532,,
0.438550949,1575.8689,,
0.439512253,1581.4093,,
0.441436768,1588.53284,,
0.440473557,1582.20081,,
0.440473557,1581.4093,,
0.440473557,1583.78381,,
0.439512253,1587.74133,,
0.441436768,1587.74133,,
0.440473557,1588.53284,,
0.437589645,1587.74133,,
0.441436768,1582.99231,,
0.443359375,1587.74133,,
0.438550949,1592.49036,,
0.440473557,1594.07324,,
0.442398071,1592.49036,,
0.441436768,1588.53284,,
0.439512253,1593.28174,,
0.440473557,1595.65625,,
0.442398071,1591.69885,,
0.440473557,1586.94983,,
0.440473557,1590.11584,,
0.444320679,1598.03076,,
0.444320679,1601.19678,,
0.439512253,1599.61377,,
0.442398071,1600.40527,,
0.445281982,1593.28174,,
0.444320679,1593.28174,,
0.442398071,1597.23926,,
0.441436768,1602.77979,,
0.442398071,1596.44775,,
0.445281982,1594.86475,,
0.443359375,1601.19678,,
0.442398071,1607.52869,,
0.441436768,1607.52869,,
0.445281982,1604.36279,,
0.444320679,1601.98828,,
0.444320679,1609.11169,,
0.443359375,1611.48621,,
0.445281982,1601.98828,,
0.445281982,1594.86475,,
0.442398071,1598.82227,,
0.445281982,1607.52869,,
0.4462452,1608.32019,,
0.444320679,1608.32019,,
0.444320679,1616.23523,,
0.445281982,1616.23523,,
0.445281982,1611.48621,,
0.445281982,1612.27771,,
0.4462452,1611.48621,,
0.4472065,1607.52869,,
0.445281982,1601.98828,,
0.444320679,1610.6947,,
0.4462452,1618.60962,,
0.4481678,1618.60962,,
0.4472065,1615.44373,,
0.4472065,1614.65222,,
0.4462452,1619.40112,,
0.4462452,1619.40112,,
0.4472065,1615.44373,,
0.4481678,1613.06921,,
0.4462452,1614.65222,,
0.4472065,1618.60962,,
0.4472065,1620.98413,,
0.4481678,1621.77563,,
0.445281982,1624.15015,,
0.4481678,1621.77563,,
0.450092316,1623.35864,,
0.4491291,1626.52466,,
0.4472065,1631.27356,,
0.4472065,1626.52466,,
0.450092316,1615.44373,,
0.450092316,1618.60962,,
0.4481678,1625.73315,,
0.4481678,1625.73315,,
0.4491291,1622.56714,,
0.452014923,1623.35864,,
0.450092316,1635.23108,,
0.4491291,1638.39709,,
0.4491291,1634.43958,,
0.450092316,1629.69067,,
0.451053619,1628.10767,,
0.4491291,1630.48218,,
0.4491291,1630.48218,,
0.4481678,1628.89917,,
0.452976227,1626.52466,,
0.452976227,1627.31616,,
0.4491291,1633.64807,,
0.4491291,1640.77161,,
0.452976227,1642.35461,,
0.454900742,1636.81409,,
0.451053619,1633.64807,,
0.4491291,1634.43958,,
0.450092316,1636.02258,,
0.452976227,1633.64807,,
0.453939438,1635.23108,,
0.452014923,1638.39709,,
0.450092316,1646.312,,
0.452976227,1646.312,,
0.453939438,1643.9375,,
0.453939438,1639.1886,,
0.452014923,1635.23108,,
0.451053619,1639.1886,,
0.452976227,1643.14612,,
0.454900742,1647.10352,,
0.453939438,1648.68652,,
0.452014923,1645.52051,,
0.452976227,1646.312,,
0.453939438,1648.68652,,
0.454900742,1649.478,,
0.452976227,1646.312,,
0.452014923,1642.35461,,
0.454900742,1647.895,,
0.455862045,1650.26953,,
0.453939438,1652.644,,
0.452976227,1654.227,,
0.454900742,1652.644,,
0.455862045,1653.43555,,
0.456823349,1655.01855,,
0.452976227,1655.80994,,
0.453939438,1651.85254,,
0.456823349,1644.729,,
0.456823349,1648.68652,,
0.453939438,1658.18445,,
0.453939438,1663.725,,
0.454900742,1659.76746,,
0.454900742,1655.01855,,
0.454900742,1662.93347,,
0.456823349,1667.6825,,
0.456823349,1662.93347,,
0.456823349,1658.18445,,
0.454900742,1657.393,,
0.457784653,1660.559,,
0.458747864,1661.35046,,
0.455862045,1659.76746,,
0.455862045,1662.142,,
0.459709167,1658.18445,,
0.459709167,1661.35046,,
0.455862045,1669.26538,,
0.456823349,1674.0144,,
0.457784653,1670.05688,,
0.458747864,1662.93347,,
0.460670471,1670.05688,,
0.457784653,1674.80591,,
0.458747864,1672.4314,,
0.458747864,1665.308,,
0.459709167,1660.559,,
0.457784653,1670.05688,,
0.457784653,1674.80591,,
0.456823349,1673.2229,,
0.459709167,1671.63989,,
0.459709167,1674.0144,,
0.460670471,1679.55493,,
0.460670471,1678.76343,,
0.458747864,1680.34644,,
0.458747864,1676.38892,,
0.461631775,1671.63989,,
0.460670471,1666.891,,
0.459709167,1668.47388,,
0.457784653,1676.38892,,
0.462595,1679.55493,,
0.462595,1677.18042,,
0.461631775,1686.67834,,
0.459709167,1693.01038,,
0.458747864,1688.26135,,
0.461631775,1677.18042,,
0.462595,1674.0144,,
0.4635563,1678.76343,,
0.461631775,1682.72083,,
0.460670471,1681.92932,,
0.461631775,1682.72083,,
0.4645176,1683.51233,,
0.4635563,1686.67834,,
0.4635563,1689.05286,,
0.460670471,1691.42737,,
0.460670471,1687.46985,,
0.462595,1680.34644,,
0.4635563,1684.30383,,
0.4635563,1690.63586,,
0.4635563,1696.17627,,
0.4635563,1691.42737,,
0.462595,1685.88684,,
0.4635563,1692.21887,,
0.4674034,1696.17627,,
0.4635563,1693.80176,,
0.461631775,1688.26135,,
0.4635563,1687.46985,,
0.4654789,1690.63586,,
0.4654789,1689.84436,,
0.4654789,1698.55078,,
0.4645176,1703.2998,,
0.462595,1699.34229,,
0.4645176,1696.96777,,
0.4664402,1693.80176,,
0.4664402,1693.80176,,
0.4635563,1696.96777,,
0.4645176,1698.55078,,
0.4654789,1698.55078,,
0.4674034,1701.7168,,
0.4674034,1704.09131,,
0.4654789,1699.34229,,
0.4664402,1696.17627,,
0.4654789,1702.5083,,
0.4645176,1705.67419,,
0.4674034,1706.4657,,
0.4664402,1701.7168,,
0.4664402,1700.13379,,
0.4654789,1704.09131,,
0.4664402,1705.67419,,
0.4645176,1710.42322,,
0.4645176,1711.21472,,
0.4654789,1706.4657,,
0.469326019,1709.63171,,
0.469326019,1715.17224,,
0.4654789,1719.12964,,
0.468364716,1715.17224,,
0.4674034,1704.88281,,
0.468364716,1700.92529,,
0.4674034,1707.2572,,
0.469326019,1712.00623,,
0.468364716,1711.21472,,
0.471250534,1715.17224,,
0.4674034,1721.50415,,
0.469326019,1724.67017,,
0.469326019,1722.29565,,
0.470287323,1715.17224,,
0.4674034,1710.42322,,
0.469326019,1712.00623,,
0.470287323,1716.75525,,
0.469326019,1720.71265,,
0.469326019,1720.71265,,
0.471250534,1722.29565,,
0.471250534,1723.87866,,
0.471250534,1723.87866,,
0.470287323,1726.25317,,
0.469326019,1720.71265,,
0.469326019,1712.79773,,
0.468364716,1714.38074,,
0.470287323,1720.71265,,
0.470287323,1729.41919,,
0.468364716,1730.21069,,
0.470287323,1731.79358,,
0.469326019,1737.33411,,
0.470287323,1738.12561,,
0.471250534,1737.33411,,
0.471250534,1726.25317,,
0.469326019,1716.75525,,
0.471250534,1718.33813,,
0.472211838,1720.71265,,
0.472211838,1730.21069,,
0.472211838,1735.7511,,
0.469326019,1740.50012,,
0.470287323,1742.87463,,
0.473173141,1743.666,,
0.472211838,1745.249,,
0.472211838,1738.91711,,
0.472211838,1731.00208,,
0.470287323,1729.41919,,
0.473173141,1732.58508,,
0.472211838,1738.12561,,
0.472211838,1738.12561,,
0.474134445,1740.50012,,
0.473173141,1747.62354,,
0.473173141,1749.998,,
0.473173141,1753.16406,,
0.473173141,1746.832,,
0.474134445,1740.50012,,
0.474134445,1742.08313,,
0.475097656,1743.666,,
0.474134445,1747.62354,,
0.474134445,1746.04053,,
0.477020264,1745.249,,
0.477981567,1749.998,,
0.477981567,1753.95557,,
0.47605896,1755.53857,,
0.475097656,1749.20654,,
0.47605896,1741.29163,,
0.477981567,1745.249,,
0.478942871,1750.78955,,
0.475097656,1758.70447,,
0.47605896,1760.28748,,
0.477020264,1757.913,,
0.479906082,1755.53857,,
0.477020264,1754.74707,,
0.47605896,1758.70447,,
0.479906082,1753.95557,,
0.478942871,1749.20654,,
0.477020264,1751.581,,
0.477020264,1757.12146,,
0.478942871,1756.33,,
0.479906082,1753.16406,,
0.477020264,1756.33,,

